MODEL LOADED D:\Projects\Multi_Agent_Graph_Analysis\prelab\models\Qwen2.5-7B-Instruct-bnb-4bit GPU GiB 5.197
DONE generate 1 400 ragognize_train_0158__complete seconds 1.263
DONE generate 2 400 ragognize_train_0158__partial seconds 1.096
DONE generate 3 400 ragognize_train_0287__complete seconds 0.865
DONE generate 4 400 ragognize_train_0287__partial seconds 1.408
DONE generate 5 400 ragognize_train_0302__complete seconds 1.298
DONE generate 6 400 ragognize_train_0302__partial seconds 1.432
DONE generate 7 400 ragognize_train_0313__complete seconds 1.173
DONE generate 8 400 ragognize_train_0313__partial seconds 1.031
DONE generate 9 400 ragognize_train_0379__complete seconds 1.259
DONE generate 10 400 ragognize_train_0379__partial seconds 1.164
DONE generate 11 400 ragognize_train_0519__complete seconds 1.058
DONE generate 12 400 ragognize_train_0519__partial seconds 1.606
DONE generate 13 400 ragognize_train_0580__complete seconds 1.294
DONE generate 14 400 ragognize_train_0580__partial seconds 1.23
DONE generate 15 400 ragognize_train_0623__complete seconds 1.266
DONE generate 16 400 ragognize_train_0623__partial seconds 1.055
DONE generate 17 400 ragognize_train_0656__complete seconds 1.144
DONE generate 18 400 ragognize_train_0656__partial seconds 1.047
DONE generate 19 400 ragognize_train_0692__complete seconds 0.914
DONE generate 20 400 ragognize_train_0692__partial seconds 0.819
DONE generate 21 400 ragognize_train_0777__complete seconds 1.04
DONE generate 22 400 ragognize_train_0777__partial seconds 1.251
DONE generate 23 400 ragognize_train_0860__complete seconds 1.321
DONE generate 24 400 ragognize_train_0860__partial seconds 1.459
DONE generate 25 400 ragognize_train_0867__complete seconds 1.196
DONE generate 26 400 ragognize_train_0867__partial seconds 1.023
DONE generate 27 400 ragognize_train_0903__complete seconds 0.814
DONE generate 28 400 ragognize_train_0903__partial seconds 1.114
DONE generate 29 400 ragognize_train_0939__complete seconds 0.991
DONE generate 30 400 ragognize_train_0939__partial seconds 0.987
DONE generate 31 400 ragognize_train_0988__complete seconds 1.111
DONE generate 32 400 ragognize_train_0988__partial seconds 1.049
DONE generate 33 400 ragognize_train_1041__complete seconds 1.408
DONE generate 34 400 ragognize_train_1041__partial seconds 1.269
DONE generate 35 400 ragognize_train_1122__complete seconds 1.393
DONE generate 36 400 ragognize_train_1122__partial seconds 1.613
DONE generate 37 400 ragognize_train_1128__complete seconds 0.656
DONE generate 38 400 ragognize_train_1128__partial seconds 1.371
DONE generate 39 400 ragognize_train_1149__complete seconds 1.105
DONE generate 40 400 ragognize_train_1149__partial seconds 1.101
DONE generate 41 400 ragognize_train_1153__complete seconds 1.143
DONE generate 42 400 ragognize_train_1153__partial seconds 1.162
DONE generate 43 400 ragognize_train_1180__complete seconds 1.268
DONE generate 44 400 ragognize_train_1180__partial seconds 1.263
DONE generate 45 400 ragognize_train_1187__complete seconds 1.032
DONE generate 46 400 ragognize_train_1187__partial seconds 1.054
DONE generate 47 400 ragognize_train_1298__complete seconds 1.285
DONE generate 48 400 ragognize_train_1298__partial seconds 1.273
DONE generate 49 400 ragognize_train_1307__complete seconds 1.436
DONE generate 50 400 ragognize_train_1307__partial seconds 1.356
DONE generate 51 400 ragognize_train_1347__complete seconds 1.22
DONE generate 52 400 ragognize_train_1347__partial seconds 1.231
DONE generate 53 400 ragognize_train_1593__complete seconds 0.939
DONE generate 54 400 ragognize_train_1593__partial seconds 0.946
DONE generate 55 400 ragognize_train_1617__complete seconds 1.546
DONE generate 56 400 ragognize_train_1617__partial seconds 1.309
DONE generate 57 400 ragognize_train_1681__complete seconds 1.112
DONE generate 58 400 ragognize_train_1681__partial seconds 1.193
DONE generate 59 400 ragognize_train_1689__complete seconds 1.262
DONE generate 60 400 ragognize_train_1689__partial seconds 1.26
DONE generate 61 400 ragognize_train_1875__complete seconds 0.821
DONE generate 62 400 ragognize_train_1875__partial seconds 0.79
DONE generate 63 400 ragognize_train_1971__complete seconds 1.024
DONE generate 64 400 ragognize_train_1971__partial seconds 1.048
DONE generate 65 400 ragognize_train_2020__complete seconds 0.948
DONE generate 66 400 ragognize_train_2020__partial seconds 0.933
DONE generate 67 400 ragognize_train_2030__complete seconds 0.901
DONE generate 68 400 ragognize_train_2030__partial seconds 0.938
DONE generate 69 400 ragognize_train_2036__complete seconds 1.208
DONE generate 70 400 ragognize_train_2036__partial seconds 1.356
DONE generate 71 400 ragognize_train_2160__complete seconds 0.707
DONE generate 72 400 ragognize_train_2160__partial seconds 0.762
DONE generate 73 400 ragognize_train_2180__complete seconds 0.999
DONE generate 74 400 ragognize_train_2180__partial seconds 1.086
DONE generate 75 400 ragognize_train_2212__complete seconds 0.89
DONE generate 76 400 ragognize_train_2212__partial seconds 0.978
DONE generate 77 400 ragognize_train_2218__complete seconds 0.877
DONE generate 78 400 ragognize_train_2218__partial seconds 0.926
DONE generate 79 400 ragognize_train_2271__complete seconds 1.001
DONE generate 80 400 ragognize_train_2271__partial seconds 1.093
DONE generate 81 400 ragognize_test_0044__complete seconds 1.25
DONE generate 82 400 ragognize_test_0044__partial seconds 1.237
DONE generate 83 400 ragognize_test_0130__complete seconds 1.088
DONE generate 84 400 ragognize_test_0130__partial seconds 1.272
DONE generate 85 400 ragognize_test_0237__complete seconds 0.761
DONE generate 86 400 ragognize_test_0237__partial seconds 1.079
DONE generate 87 400 ragognize_test_0275__complete seconds 1.481
DONE generate 88 400 ragognize_test_0275__partial seconds 1.336
DONE generate 89 400 ragognize_test_0485__complete seconds 1.189
DONE generate 90 400 ragognize_test_0485__partial seconds 1.228
DONE generate 91 400 ragognize_test_0701__complete seconds 1.665
DONE generate 92 400 ragognize_test_0701__partial seconds 1.566
DONE generate 93 400 ragognize_test_0726__complete seconds 1.569
DONE generate 94 400 ragognize_test_0726__partial seconds 1.531
DONE generate 95 400 ragognize_test_0970__complete seconds 1.144
DONE generate 96 400 ragognize_test_0970__partial seconds 1.192
DONE generate 97 400 ragognize_test_0998__complete seconds 1.373
DONE generate 98 400 ragognize_test_0998__partial seconds 1.292
DONE generate 99 400 ragognize_test_1264__complete seconds 1.581
DONE generate 100 400 ragognize_test_1264__partial seconds 1.505
DONE generate 101 400 ragognize_test_1284__complete seconds 1.215
DONE generate 102 400 ragognize_test_1284__partial seconds 1.482
DONE generate 103 400 ragognize_train_1396__complete seconds 1.353
DONE generate 104 400 ragognize_train_1396__partial seconds 1.556
DONE generate 105 400 ragognize_test_1332__complete seconds 0.787
DONE generate 106 400 ragognize_test_1332__partial seconds 1.177
DONE generate 107 400 ragognize_test_1452__complete seconds 0.877
DONE generate 108 400 ragognize_test_1452__partial seconds 1.219
DONE generate 109 400 ragognize_test_1554__complete seconds 1.204
DONE generate 110 400 ragognize_test_1554__partial seconds 1.365
DONE generate 111 400 ragognize_test_1645__complete seconds 1.253
DONE generate 112 400 ragognize_test_1645__partial seconds 1.351
DONE generate 113 400 ragognize_test_2039__complete seconds 1.275
DONE generate 114 400 ragognize_test_2039__partial seconds 1.92
DONE generate 115 400 ragognize_test_2095__complete seconds 0.888
DONE generate 116 400 ragognize_test_2095__partial seconds 1.046
DONE generate 117 400 ragognize_train_0177__complete seconds 1.066
DONE generate 118 400 ragognize_train_0177__partial seconds 1.219
DONE generate 119 400 ragognize_train_0382__complete seconds 1.58
DONE generate 120 400 ragognize_train_0382__partial seconds 1.42
DONE generate 121 400 ragognize_train_0406__complete seconds 0.928
DONE generate 122 400 ragognize_train_0406__partial seconds 1.07
DONE generate 123 400 ragognize_train_0414__complete seconds 1.009
DONE generate 124 400 ragognize_train_0414__partial seconds 1.138
DONE generate 125 400 ragognize_train_0420__complete seconds 0.811
DONE generate 126 400 ragognize_train_0420__partial seconds 1.321
DONE generate 127 400 ragognize_train_0473__complete seconds 1.484
DONE generate 128 400 ragognize_train_0473__partial seconds 1.504
DONE generate 129 400 ragognize_train_0683__complete seconds 1.182
DONE generate 130 400 ragognize_train_0683__partial seconds 1.237
DONE generate 131 400 ragognize_train_0940__complete seconds 0.84
DONE generate 132 400 ragognize_train_0940__partial seconds 1.059
DONE generate 133 400 ragognize_train_1158__complete seconds 1.734
DONE generate 134 400 ragognize_train_1158__partial seconds 1.519
DONE generate 135 400 ragognize_train_1379__complete seconds 1.545
DONE generate 136 400 ragognize_train_1379__partial seconds 1.811
DONE generate 137 400 ragognize_train_1520__complete seconds 1.49
DONE generate 138 400 ragognize_train_1520__partial seconds 1.329
DONE generate 139 400 ragognize_train_1532__complete seconds 1.426
DONE generate 140 400 ragognize_train_1532__partial seconds 1.131
DONE generate 141 400 ragognize_train_1586__complete seconds 1.228
DONE generate 142 400 ragognize_train_1586__partial seconds 1.328
DONE generate 143 400 ragognize_train_1747__complete seconds 0.894
DONE generate 144 400 ragognize_train_1747__partial seconds 0.811
DONE generate 145 400 ragognize_train_1766__complete seconds 1.223
DONE generate 146 400 ragognize_train_1766__partial seconds 1.404
DONE generate 147 400 ragognize_train_1782__complete seconds 1.136
DONE generate 148 400 ragognize_train_1782__partial seconds 1.223
DONE generate 149 400 ragognize_train_1861__complete seconds 1.646
DONE generate 150 400 ragognize_train_1861__partial seconds 1.782
DONE generate 151 400 ragognize_train_1953__complete seconds 1.294
DONE generate 152 400 ragognize_train_1953__partial seconds 1.941
DONE generate 153 400 ragognize_train_2125__complete seconds 1.491
DONE generate 154 400 ragognize_train_2125__partial seconds 1.551
DONE generate 155 400 ragognize_train_2141__complete seconds 1.794
DONE generate 156 400 ragognize_train_2141__partial seconds 1.447
DONE generate 157 400 ragognize_train_2179__complete seconds 1.565
DONE generate 158 400 ragognize_train_2179__partial seconds 1.706
DONE generate 159 400 ragognize_train_2295__complete seconds 1.351
DONE generate 160 400 ragognize_train_2295__partial seconds 1.45
DONE generate 161 400 ragognize_test_0387__complete seconds 0.924
DONE generate 162 400 ragognize_test_0387__partial seconds 0.823
DONE generate 163 400 ragognize_test_0452__complete seconds 0.613
DONE generate 164 400 ragognize_test_0452__partial seconds 0.558
DONE generate 165 400 ragognize_test_0645__complete seconds 0.867
DONE generate 166 400 ragognize_test_0645__partial seconds 0.789
DONE generate 167 400 ragognize_test_0648__complete seconds 0.676
DONE generate 168 400 ragognize_test_0648__partial seconds 1.335
DONE generate 169 400 ragognize_test_0681__complete seconds 1.84
DONE generate 170 400 ragognize_test_0681__partial seconds 1.632
DONE generate 171 400 ragognize_test_0889__complete seconds 0.658
DONE generate 172 400 ragognize_test_0889__partial seconds 1.197
DONE generate 173 400 ragognize_test_0959__complete seconds 0.698
DONE generate 174 400 ragognize_test_0959__partial seconds 0.617
DONE generate 175 400 ragognize_test_0964__complete seconds 0.619
DONE generate 176 400 ragognize_test_0964__partial seconds 1.653
DONE generate 177 400 ragognize_test_1018__complete seconds 0.816
DONE generate 178 400 ragognize_test_1018__partial seconds 1.931
DONE generate 179 400 ragognize_test_1117__complete seconds 1.073
DONE generate 180 400 ragognize_test_1117__partial seconds 1.171
DONE generate 181 400 ragognize_test_1241__complete seconds 0.922
DONE generate 182 400 ragognize_test_1241__partial seconds 0.999
DONE generate 183 400 ragognize_test_1420__complete seconds 0.875
DONE generate 184 400 ragognize_test_1420__partial seconds 0.957
DONE generate 185 400 ragognize_test_1463__complete seconds 0.556
DONE generate 186 400 ragognize_test_1463__partial seconds 0.717
DONE generate 187 400 ragognize_test_1548__complete seconds 1.133
DONE generate 188 400 ragognize_test_1548__partial seconds 1.351
DONE generate 189 400 ragognize_test_1740__complete seconds 0.787
DONE generate 190 400 ragognize_test_1740__partial seconds 0.752
DONE generate 191 400 ragognize_test_1866__complete seconds 1.066
DONE generate 192 400 ragognize_test_1866__partial seconds 1.109
DONE generate 193 400 ragognize_test_1974__complete seconds 0.696
DONE generate 194 400 ragognize_test_1974__partial seconds 0.806
DONE generate 195 400 ragognize_test_1979__complete seconds 0.85
DONE generate 196 400 ragognize_test_1979__partial seconds 0.843
DONE generate 197 400 ragognize_test_2096__complete seconds 1.041
DONE generate 198 400 ragognize_test_2096__partial seconds 0.87
DONE generate 199 400 ragognize_test_2206__complete seconds 0.683
DONE generate 200 400 ragognize_test_2206__partial seconds 1.239
DONE generate 201 400 ragognize_test_2293__complete seconds 1.004
DONE generate 202 400 ragognize_test_2293__partial seconds 0.948
DONE generate 203 400 ragognize_train_0088__complete seconds 1.116
DONE generate 204 400 ragognize_train_0088__partial seconds 1.374
DONE generate 205 400 ragognize_train_0095__complete seconds 0.618
DONE generate 206 400 ragognize_train_0095__partial seconds 0.934
DONE generate 207 400 ragognize_train_0445__complete seconds 0.913
DONE generate 208 400 ragognize_train_0445__partial seconds 0.921
DONE generate 209 400 ragognize_train_0584__complete seconds 0.639
DONE generate 210 400 ragognize_train_0584__partial seconds 0.619
DONE generate 211 400 ragognize_train_0613__complete seconds 0.704
DONE generate 212 400 ragognize_train_0613__partial seconds 0.754
DONE generate 213 400 ragognize_train_0845__complete seconds 0.719
DONE generate 214 400 ragognize_train_0845__partial seconds 0.764
DONE generate 215 400 ragognize_train_0855__complete seconds 0.764
DONE generate 216 400 ragognize_train_0855__partial seconds 0.884
DONE generate 217 400 ragognize_train_0913__complete seconds 0.595
DONE generate 218 400 ragognize_train_0913__partial seconds 0.78
DONE generate 219 400 ragognize_train_1145__complete seconds 1.042
DONE generate 220 400 ragognize_train_1145__partial seconds 0.73
DONE generate 221 400 ragognize_train_1159__complete seconds 0.557
DONE generate 222 400 ragognize_train_1159__partial seconds 0.624
DONE generate 223 400 ragognize_train_1168__complete seconds 0.824
DONE generate 224 400 ragognize_train_1168__partial seconds 0.687
DONE generate 225 400 ragognize_train_1279__complete seconds 1.051
DONE generate 226 400 ragognize_train_1279__partial seconds 1.901
DONE generate 227 400 ragognize_train_1511__complete seconds 1.054
DONE generate 228 400 ragognize_train_1511__partial seconds 0.936
DONE generate 229 400 ragognize_train_1686__complete seconds 0.72
DONE generate 230 400 ragognize_train_1686__partial seconds 0.665
DONE generate 231 400 ragognize_train_1892__complete seconds 1.119
DONE generate 232 400 ragognize_train_1892__partial seconds 1.092
DONE generate 233 400 ragognize_train_1996__complete seconds 1.051
DONE generate 234 400 ragognize_train_1996__partial seconds 1.084
DONE generate 235 400 ragognize_train_2214__complete seconds 1.291
DONE generate 236 400 ragognize_train_2214__partial seconds 1.405
DONE generate 237 400 ragognize_train_2266__complete seconds 1.061
DONE generate 238 400 ragognize_train_2266__partial seconds 1.057
DONE generate 239 400 ragognize_train_2328__complete seconds 1.178
DONE generate 240 400 ragognize_train_2328__partial seconds 1.202
DONE generate 241 400 ragognize_test_0690__complete seconds 0.731
DONE generate 242 400 ragognize_test_0690__partial seconds 0.938
DONE generate 243 400 ragognize_test_1012__complete seconds 0.889
DONE generate 244 400 ragognize_test_1012__partial seconds 1.049
DONE generate 245 400 ragognize_test_1021__complete seconds 0.942
DONE generate 246 400 ragognize_test_1021__partial seconds 1.581
DONE generate 247 400 ragognize_test_1668__complete seconds 0.674
DONE generate 248 400 ragognize_test_1668__partial seconds 0.789
DONE generate 249 400 ragognize_test_1722__complete seconds 1.156
DONE generate 250 400 ragognize_test_1722__partial seconds 1.06
DONE generate 251 400 ragognize_test_2227__complete seconds 1.284
DONE generate 252 400 ragognize_test_2227__partial seconds 1.16
DONE generate 253 400 ragognize_train_0001__complete seconds 1.055
DONE generate 254 400 ragognize_train_0001__partial seconds 1.032
DONE generate 255 400 ragognize_train_0061__complete seconds 1.033
DONE generate 256 400 ragognize_train_0061__partial seconds 1.027
DONE generate 257 400 ragognize_train_0151__complete seconds 0.836
DONE generate 258 400 ragognize_train_0151__partial seconds 1.379
DONE generate 259 400 ragognize_train_0189__complete seconds 1.33
DONE generate 260 400 ragognize_train_0189__partial seconds 1.421
DONE generate 261 400 ragognize_train_0230__complete seconds 0.845
DONE generate 262 400 ragognize_train_0230__partial seconds 0.866
DONE generate 263 400 ragognize_train_0235__complete seconds 1.506
DONE generate 264 400 ragognize_train_0235__partial seconds 1.569
DONE generate 265 400 ragognize_train_0380__complete seconds 1.166
DONE generate 266 400 ragognize_train_0380__partial seconds 0.939
DONE generate 267 400 ragognize_train_0399__complete seconds 1.596
DONE generate 268 400 ragognize_train_0399__partial seconds 1.219
DONE generate 269 400 ragognize_train_0403__complete seconds 1.137
DONE generate 270 400 ragognize_train_0403__partial seconds 1.649
DONE generate 271 400 ragognize_train_0466__complete seconds 1.03
DONE generate 272 400 ragognize_train_0466__partial seconds 0.979
DONE generate 273 400 ragognize_train_0514__complete seconds 0.961
DONE generate 274 400 ragognize_train_0514__partial seconds 1.229
DONE generate 275 400 ragognize_train_0615__complete seconds 1.925
DONE generate 276 400 ragognize_train_0615__partial seconds 1.89
DONE generate 277 400 ragognize_train_0642__complete seconds 0.934
DONE generate 278 400 ragognize_train_0642__partial seconds 1.207
DONE generate 279 400 ragognize_train_0646__complete seconds 0.895
DONE generate 280 400 ragognize_train_0646__partial seconds 1.409
DONE generate 281 400 ragognize_train_0653__complete seconds 1.181
DONE generate 282 400 ragognize_train_0653__partial seconds 1.492
DONE generate 283 400 ragognize_train_0949__complete seconds 0.828
DONE generate 284 400 ragognize_train_0949__partial seconds 0.633
DONE generate 285 400 ragognize_train_1068__complete seconds 1.012
DONE generate 286 400 ragognize_train_1068__partial seconds 0.971
DONE generate 287 400 ragognize_train_1147__complete seconds 0.938
DONE generate 288 400 ragognize_train_1147__partial seconds 1.068
DONE generate 289 400 ragognize_train_1155__complete seconds 1.024
DONE generate 290 400 ragognize_train_1155__partial seconds 0.898
DONE generate 291 400 ragognize_train_1160__complete seconds 1.176
DONE generate 292 400 ragognize_train_1160__partial seconds 1.635
DONE generate 293 400 ragognize_train_1219__complete seconds 0.821
DONE generate 294 400 ragognize_train_1219__partial seconds 0.778
DONE generate 295 400 ragognize_train_1333__complete seconds 1.134
DONE generate 296 400 ragognize_train_1333__partial seconds 1.263
DONE generate 297 400 ragognize_train_1336__complete seconds 0.964
DONE generate 298 400 ragognize_train_1336__partial seconds 0.968
DONE generate 299 400 ragognize_train_1401__complete seconds 0.79
DONE generate 300 400 ragognize_train_1401__partial seconds 0.833
DONE generate 301 400 ragognize_train_1478__complete seconds 0.776
DONE generate 302 400 ragognize_train_1478__partial seconds 0.622
DONE generate 303 400 ragognize_train_1505__complete seconds 0.817
DONE generate 304 400 ragognize_train_1505__partial seconds 0.914
DONE generate 305 400 ragognize_train_1542__complete seconds 0.997
DONE generate 306 400 ragognize_train_1542__partial seconds 0.895
DONE generate 307 400 ragognize_train_1657__complete seconds 0.871
DONE generate 308 400 ragognize_train_1657__partial seconds 0.928
DONE generate 309 400 ragognize_train_1661__complete seconds 1.294
DONE generate 310 400 ragognize_train_1661__partial seconds 1.263
DONE generate 311 400 ragognize_train_1664__complete seconds 1.267
DONE generate 312 400 ragognize_train_1664__partial seconds 1.161
DONE generate 313 400 ragognize_train_1773__complete seconds 0.735
DONE generate 314 400 ragognize_train_1773__partial seconds 0.839
DONE generate 315 400 ragognize_train_2028__complete seconds 0.846
DONE generate 316 400 ragognize_train_2028__partial seconds 1.188
DONE generate 317 400 ragognize_train_2062__complete seconds 0.913
DONE generate 318 400 ragognize_train_2062__partial seconds 0.799
DONE generate 319 400 ragognize_train_2331__complete seconds 1.097
DONE generate 320 400 ragognize_train_2331__partial seconds 1.134
DONE generate 321 400 ragognize_test_0059__complete seconds 1.597
DONE generate 322 400 ragognize_test_0059__partial seconds 1.656
DONE generate 323 400 ragognize_test_0172__complete seconds 1.184
DONE generate 324 400 ragognize_test_0172__partial seconds 1.773
DONE generate 325 400 ragognize_test_1644__complete seconds 1.029
DONE generate 326 400 ragognize_test_1644__partial seconds 1.469
DONE generate 327 400 ragognize_test_1723__complete seconds 1.367
DONE generate 328 400 ragognize_test_1723__partial seconds 1.424
DONE generate 329 400 ragognize_test_1817__complete seconds 0.959
DONE generate 330 400 ragognize_test_1817__partial seconds 1.075
DONE generate 331 400 ragognize_test_1887__complete seconds 0.948
DONE generate 332 400 ragognize_test_1887__partial seconds 1.761
DONE generate 333 400 ragognize_test_2231__complete seconds 1.041
DONE generate 334 400 ragognize_test_2231__partial seconds 1.258
DONE generate 335 400 ragognize_test_2340__complete seconds 1.362
DONE generate 336 400 ragognize_test_2340__partial seconds 1.303
DONE generate 337 400 ragognize_train_0043__complete seconds 0.965
DONE generate 338 400 ragognize_train_0043__partial seconds 0.843
DONE generate 339 400 ragognize_train_0169__complete seconds 1.415
DONE generate 340 400 ragognize_train_0169__partial seconds 1.321
DONE generate 341 400 ragognize_train_0253__complete seconds 0.917
DONE generate 342 400 ragognize_train_0253__partial seconds 0.797
DONE generate 343 400 ragognize_train_0265__complete seconds 0.898
DONE generate 344 400 ragognize_train_0265__partial seconds 1.126
DONE generate 345 400 ragognize_train_0284__complete seconds 0.954
DONE generate 346 400 ragognize_train_0284__partial seconds 1.111
DONE generate 347 400 ragognize_train_0354__complete seconds 1.21
DONE generate 348 400 ragognize_train_0354__partial seconds 1.457
DONE generate 349 400 ragognize_train_0366__complete seconds 1.078
DONE generate 350 400 ragognize_train_0366__partial seconds 1.172
DONE generate 351 400 ragognize_train_0368__complete seconds 1.403
DONE generate 352 400 ragognize_train_0368__partial seconds 2.265
DONE generate 353 400 ragognize_train_0498__complete seconds 0.813
DONE generate 354 400 ragognize_train_0498__partial seconds 1.14
DONE generate 355 400 ragognize_train_0719__complete seconds 1.737
DONE generate 356 400 ragognize_train_0719__partial seconds 1.404
DONE generate 357 400 ragognize_train_0891__complete seconds 1.146
DONE generate 358 400 ragognize_train_0891__partial seconds 1.265
DONE generate 359 400 ragognize_train_0928__complete seconds 1.006
DONE generate 360 400 ragognize_train_0928__partial seconds 0.907
DONE generate 361 400 ragognize_train_0951__complete seconds 1.389
DONE generate 362 400 ragognize_train_0951__partial seconds 1.429
DONE generate 363 400 ragognize_train_0974__complete seconds 0.99
DONE generate 364 400 ragognize_train_0974__partial seconds 1.672
DONE generate 365 400 ragognize_train_1035__complete seconds 1.285
DONE generate 366 400 ragognize_train_1035__partial seconds 1.765
DONE generate 367 400 ragognize_train_1042__complete seconds 1.412
DONE generate 368 400 ragognize_train_1042__partial seconds 2.462
DONE generate 369 400 ragognize_train_1205__complete seconds 0.927
DONE generate 370 400 ragognize_train_1205__partial seconds 1.08
DONE generate 371 400 ragognize_train_1359__complete seconds 1.947
DONE generate 372 400 ragognize_train_1359__partial seconds 2.017
DONE generate 373 400 ragognize_train_1415__complete seconds 1.574
DONE generate 374 400 ragognize_train_1415__partial seconds 1.792
DONE generate 375 400 ragognize_train_1472__complete seconds 1.077
DONE generate 376 400 ragognize_train_1472__partial seconds 1.137
DONE generate 377 400 ragognize_train_1543__complete seconds 1.535
DONE generate 378 400 ragognize_train_1543__partial seconds 1.669
DONE generate 379 400 ragognize_train_1711__complete seconds 1.256
DONE generate 380 400 ragognize_train_1711__partial seconds 0.859
DONE generate 381 400 ragognize_train_1777__complete seconds 1.318
DONE generate 382 400 ragognize_train_1777__partial seconds 1.291
DONE generate 383 400 ragognize_train_1821__complete seconds 0.964
DONE generate 384 400 ragognize_train_1821__partial seconds 1.317
DONE generate 385 400 ragognize_train_1869__complete seconds 1.181
DONE generate 386 400 ragognize_train_1869__partial seconds 1.129
DONE generate 387 400 ragognize_train_1871__complete seconds 1.172
DONE generate 388 400 ragognize_train_1871__partial seconds 1.415
DONE generate 389 400 ragognize_train_1879__complete seconds 1.619
DONE generate 390 400 ragognize_train_1879__partial seconds 1.693
DONE generate 391 400 ragognize_train_2144__complete seconds 1.171
DONE generate 392 400 ragognize_train_2144__partial seconds 1.472
DONE generate 393 400 ragognize_train_2167__complete seconds 1.276
DONE generate 394 400 ragognize_train_2167__partial seconds 1.359
DONE generate 395 400 ragognize_train_2232__complete seconds 1.215
DONE generate 396 400 ragognize_train_2232__partial seconds 1.41
DONE generate 397 400 ragognize_train_2268__complete seconds 1.134
DONE generate 398 400 ragognize_train_2268__partial seconds 1.41
DONE generate 399 400 ragognize_train_2314__complete seconds 1.62
DONE generate 400 400 ragognize_train_2314__partial seconds 1.416
DONE core 1 400 ragognize_train_0158__complete seconds 0.453
DONE core 2 400 ragognize_train_0158__partial seconds 0.387
DONE core 3 400 ragognize_train_0287__complete seconds 0.379
DONE core 4 400 ragognize_train_0287__partial seconds 0.467
DONE core 5 400 ragognize_train_0302__complete seconds 0.491
DONE core 6 400 ragognize_train_0302__partial seconds 0.468
DONE core 7 400 ragognize_train_0313__complete seconds 0.471
DONE core 8 400 ragognize_train_0313__partial seconds 0.396
DONE core 9 400 ragognize_train_0379__complete seconds 0.468
DONE core 10 400 ragognize_train_0379__partial seconds 0.455
DONE core 11 400 ragognize_train_0519__complete seconds 0.412
DONE core 12 400 ragognize_train_0519__partial seconds 0.548
DONE core 13 400 ragognize_train_0580__complete seconds 0.472
DONE core 14 400 ragognize_train_0580__partial seconds 0.461
DONE core 15 400 ragognize_train_0623__complete seconds 0.455
DONE core 16 400 ragognize_train_0623__partial seconds 0.393
DONE core 17 400 ragognize_train_0656__complete seconds 0.409
DONE core 18 400 ragognize_train_0656__partial seconds 0.393
DONE core 19 400 ragognize_train_0692__complete seconds 0.418
DONE core 20 400 ragognize_train_0692__partial seconds 0.382
DONE core 21 400 ragognize_train_0777__complete seconds 0.41
DONE core 22 400 ragognize_train_0777__partial seconds 0.464
DONE core 23 400 ragognize_train_0860__complete seconds 0.508
DONE core 24 400 ragognize_train_0860__partial seconds 0.511
DONE core 25 400 ragognize_train_0867__complete seconds 0.463
DONE core 26 400 ragognize_train_0867__partial seconds 0.413
DONE core 27 400 ragognize_train_0903__complete seconds 0.346
DONE core 28 400 ragognize_train_0903__partial seconds 0.422
DONE core 29 400 ragognize_train_0939__complete seconds 0.397
DONE core 30 400 ragognize_train_0939__partial seconds 0.388
DONE core 31 400 ragognize_train_0988__complete seconds 0.477
DONE core 32 400 ragognize_train_0988__partial seconds 0.403
DONE core 33 400 ragognize_train_1041__complete seconds 0.521
DONE core 34 400 ragognize_train_1041__partial seconds 0.49
DONE core 35 400 ragognize_train_1122__complete seconds 0.51
DONE core 36 400 ragognize_train_1122__partial seconds 0.567
DONE core 37 400 ragognize_train_1128__complete seconds 0.322
DONE core 38 400 ragognize_train_1128__partial seconds 0.468
DONE core 39 400 ragognize_train_1149__complete seconds 0.421
DONE core 40 400 ragognize_train_1149__partial seconds 0.406
DONE core 41 400 ragognize_train_1153__complete seconds 0.415
DONE core 42 400 ragognize_train_1153__partial seconds 0.445
DONE core 43 400 ragognize_train_1180__complete seconds 0.469
DONE core 44 400 ragognize_train_1180__partial seconds 0.468
DONE core 45 400 ragognize_train_1187__complete seconds 0.405
DONE core 46 400 ragognize_train_1187__partial seconds 0.405
DONE core 47 400 ragognize_train_1298__complete seconds 0.448
DONE core 48 400 ragognize_train_1298__partial seconds 0.452
DONE core 49 400 ragognize_train_1307__complete seconds 0.481
DONE core 50 400 ragognize_train_1307__partial seconds 0.476
DONE core 51 400 ragognize_train_1347__complete seconds 0.448
DONE core 52 400 ragognize_train_1347__partial seconds 0.444
DONE core 53 400 ragognize_train_1593__complete seconds 0.394
DONE core 54 400 ragognize_train_1593__partial seconds 0.393
DONE core 55 400 ragognize_train_1617__complete seconds 0.565
DONE core 56 400 ragognize_train_1617__partial seconds 0.519
DONE core 57 400 ragognize_train_1681__complete seconds 0.404
DONE core 58 400 ragognize_train_1681__partial seconds 0.486
DONE core 59 400 ragognize_train_1689__complete seconds 0.507
DONE core 60 400 ragognize_train_1689__partial seconds 0.505
DONE core 61 400 ragognize_train_1875__complete seconds 0.386
DONE core 62 400 ragognize_train_1875__partial seconds 0.35
DONE core 63 400 ragognize_train_1971__complete seconds 0.404
DONE core 64 400 ragognize_train_1971__partial seconds 0.393
DONE core 65 400 ragognize_train_2020__complete seconds 0.386
DONE core 66 400 ragognize_train_2020__partial seconds 0.382
DONE core 67 400 ragognize_train_2030__complete seconds 0.377
DONE core 68 400 ragognize_train_2030__partial seconds 0.374
DONE core 69 400 ragognize_train_2036__complete seconds 0.455
DONE core 70 400 ragognize_train_2036__partial seconds 0.477
DONE core 71 400 ragognize_train_2160__complete seconds 0.312
DONE core 72 400 ragognize_train_2160__partial seconds 0.333
DONE core 73 400 ragognize_train_2180__complete seconds 0.365
DONE core 74 400 ragognize_train_2180__partial seconds 0.366
DONE core 75 400 ragognize_train_2212__complete seconds 0.365
DONE core 76 400 ragognize_train_2212__partial seconds 0.371
DONE core 77 400 ragognize_train_2218__complete seconds 0.394
DONE core 78 400 ragognize_train_2218__partial seconds 0.357
DONE core 79 400 ragognize_train_2271__complete seconds 0.412
DONE core 80 400 ragognize_train_2271__partial seconds 0.405
DONE core 81 400 ragognize_test_0044__complete seconds 0.519
DONE core 82 400 ragognize_test_0044__partial seconds 0.478
DONE core 83 400 ragognize_test_0130__complete seconds 0.429
DONE core 84 400 ragognize_test_0130__partial seconds 0.457
DONE core 85 400 ragognize_test_0237__complete seconds 0.331
DONE core 86 400 ragognize_test_0237__partial seconds 0.41
DONE core 87 400 ragognize_test_0275__complete seconds 0.548
DONE core 88 400 ragognize_test_0275__partial seconds 0.48
DONE core 89 400 ragognize_test_0485__complete seconds 0.459
DONE core 90 400 ragognize_test_0485__partial seconds 0.458
DONE core 91 400 ragognize_test_0701__complete seconds 0.558
DONE core 92 400 ragognize_test_0701__partial seconds 0.532
DONE core 93 400 ragognize_test_0726__complete seconds 0.562
DONE core 94 400 ragognize_test_0726__partial seconds 0.56
DONE core 95 400 ragognize_test_0970__complete seconds 0.411
DONE core 96 400 ragognize_test_0970__partial seconds 0.455
DONE core 97 400 ragognize_test_0998__complete seconds 0.475
DONE core 98 400 ragognize_test_0998__partial seconds 0.475
DONE core 99 400 ragognize_test_1264__complete seconds 0.528
DONE core 100 400 ragognize_test_1264__partial seconds 0.538
DONE core 101 400 ragognize_test_1284__complete seconds 0.457
DONE core 102 400 ragognize_test_1284__partial seconds 0.525
DONE core 103 400 ragognize_train_1396__complete seconds 0.506
DONE core 104 400 ragognize_train_1396__partial seconds 0.573
DONE core 105 400 ragognize_test_1332__complete seconds 0.341
DONE core 106 400 ragognize_test_1332__partial seconds 0.457
DONE core 107 400 ragognize_test_1452__complete seconds 0.361
DONE core 108 400 ragognize_test_1452__partial seconds 0.439
DONE core 109 400 ragognize_test_1554__complete seconds 0.505
DONE core 110 400 ragognize_test_1554__partial seconds 0.517
DONE core 111 400 ragognize_test_1645__complete seconds 0.474
DONE core 112 400 ragognize_test_1645__partial seconds 0.475
DONE core 113 400 ragognize_test_2039__complete seconds 0.46
DONE core 114 400 ragognize_test_2039__partial seconds 0.613
DONE core 115 400 ragognize_test_2095__complete seconds 0.4
DONE core 116 400 ragognize_test_2095__partial seconds 0.403
DONE core 117 400 ragognize_train_0177__complete seconds 0.417
DONE core 118 400 ragognize_train_0177__partial seconds 0.466
DONE core 119 400 ragognize_train_0382__complete seconds 0.575
DONE core 120 400 ragognize_train_0382__partial seconds 0.483
DONE core 121 400 ragognize_train_0406__complete seconds 0.398
DONE core 122 400 ragognize_train_0406__partial seconds 0.404
DONE core 123 400 ragognize_train_0414__complete seconds 0.441
DONE core 124 400 ragognize_train_0414__partial seconds 0.448
DONE core 125 400 ragognize_train_0420__complete seconds 0.368
DONE core 126 400 ragognize_train_0420__partial seconds 0.492
DONE core 127 400 ragognize_train_0473__complete seconds 0.507
DONE core 128 400 ragognize_train_0473__partial seconds 0.578
DONE core 129 400 ragognize_train_0683__complete seconds 0.499
DONE core 130 400 ragognize_train_0683__partial seconds 0.504
DONE core 131 400 ragognize_train_0940__complete seconds 0.399
DONE core 132 400 ragognize_train_0940__partial seconds 0.416
DONE core 133 400 ragognize_train_1158__complete seconds 0.592
DONE core 134 400 ragognize_train_1158__partial seconds 0.593
DONE core 135 400 ragognize_train_1379__complete seconds 0.572
DONE core 136 400 ragognize_train_1379__partial seconds 0.632
DONE core 137 400 ragognize_train_1520__complete seconds 0.546
DONE core 138 400 ragognize_train_1520__partial seconds 0.476
DONE core 139 400 ragognize_train_1532__complete seconds 0.527
DONE core 140 400 ragognize_train_1532__partial seconds 0.46
DONE core 141 400 ragognize_train_1586__complete seconds 0.463
DONE core 142 400 ragognize_train_1586__partial seconds 0.49
DONE core 143 400 ragognize_train_1747__complete seconds 0.381
DONE core 144 400 ragognize_train_1747__partial seconds 0.331
DONE core 145 400 ragognize_train_1766__complete seconds 0.473
DONE core 146 400 ragognize_train_1766__partial seconds 0.478
DONE core 147 400 ragognize_train_1782__complete seconds 0.446
DONE core 148 400 ragognize_train_1782__partial seconds 0.454
DONE core 149 400 ragognize_train_1861__complete seconds 0.574
DONE core 150 400 ragognize_train_1861__partial seconds 0.641
DONE core 151 400 ragognize_train_1953__complete seconds 0.463
DONE core 152 400 ragognize_train_1953__partial seconds 0.613
DONE core 153 400 ragognize_train_2125__complete seconds 0.568
DONE core 154 400 ragognize_train_2125__partial seconds 0.565
DONE core 155 400 ragognize_train_2141__complete seconds 0.605
DONE core 156 400 ragognize_train_2141__partial seconds 0.523
DONE core 157 400 ragognize_train_2179__complete seconds 0.545
DONE core 158 400 ragognize_train_2179__partial seconds 0.556
DONE core 159 400 ragognize_train_2295__complete seconds 0.508
DONE core 160 400 ragognize_train_2295__partial seconds 0.52
DONE core 161 400 ragognize_test_0387__complete seconds 0.391
DONE core 162 400 ragognize_test_0387__partial seconds 0.384
DONE core 163 400 ragognize_test_0452__complete seconds 0.29
DONE core 164 400 ragognize_test_0452__partial seconds 0.278
DONE core 165 400 ragognize_test_0645__complete seconds 0.392
DONE core 166 400 ragognize_test_0645__partial seconds 0.33
DONE core 167 400 ragognize_test_0648__complete seconds 0.32
DONE core 168 400 ragognize_test_0648__partial seconds 0.474
DONE core 169 400 ragognize_test_0681__complete seconds 0.609
DONE core 170 400 ragognize_test_0681__partial seconds 0.565
DONE core 171 400 ragognize_test_0889__complete seconds 0.288
DONE core 172 400 ragognize_test_0889__partial seconds 0.439
DONE core 173 400 ragognize_test_0959__complete seconds 0.304
DONE core 174 400 ragognize_test_0959__partial seconds 0.281
DONE core 175 400 ragognize_test_0964__complete seconds 0.288
DONE core 176 400 ragognize_test_0964__partial seconds 0.545
DONE core 177 400 ragognize_test_1018__complete seconds 0.383
DONE core 178 400 ragognize_test_1018__partial seconds 0.611
DONE core 179 400 ragognize_test_1117__complete seconds 0.413
DONE core 180 400 ragognize_test_1117__partial seconds 0.455
DONE core 181 400 ragognize_test_1241__complete seconds 0.399
DONE core 182 400 ragognize_test_1241__partial seconds 0.387
DONE core 183 400 ragognize_test_1420__complete seconds 0.386
DONE core 184 400 ragognize_test_1420__partial seconds 0.402
DONE core 185 400 ragognize_test_1463__complete seconds 0.294
DONE core 186 400 ragognize_test_1463__partial seconds 0.307
DONE core 187 400 ragognize_test_1548__complete seconds 0.403
DONE core 188 400 ragognize_test_1548__partial seconds 0.459
DONE core 189 400 ragognize_test_1740__complete seconds 0.306
DONE core 190 400 ragognize_test_1740__partial seconds 0.317
DONE core 191 400 ragognize_test_1866__complete seconds 0.406
DONE core 192 400 ragognize_test_1866__partial seconds 0.4
DONE core 193 400 ragognize_test_1974__complete seconds 0.33
DONE core 194 400 ragognize_test_1974__partial seconds 0.309
DONE core 195 400 ragognize_test_1979__complete seconds 0.348
DONE core 196 400 ragognize_test_1979__partial seconds 0.345
DONE core 197 400 ragognize_test_2096__complete seconds 0.391
DONE core 198 400 ragognize_test_2096__partial seconds 0.388
DONE core 199 400 ragognize_test_2206__complete seconds 0.308
DONE core 200 400 ragognize_test_2206__partial seconds 0.438
DONE core 201 400 ragognize_test_2293__complete seconds 0.374
DONE core 202 400 ragognize_test_2293__partial seconds 0.391
DONE core 203 400 ragognize_train_0088__complete seconds 0.467
DONE core 204 400 ragognize_train_0088__partial seconds 0.474
DONE core 205 400 ragognize_train_0095__complete seconds 0.286
DONE core 206 400 ragognize_train_0095__partial seconds 0.36
DONE core 207 400 ragognize_train_0445__complete seconds 0.402
DONE core 208 400 ragognize_train_0445__partial seconds 0.399
DONE core 209 400 ragognize_train_0584__complete seconds 0.302
DONE core 210 400 ragognize_train_0584__partial seconds 0.3
DONE core 211 400 ragognize_train_0613__complete seconds 0.331
DONE core 212 400 ragognize_train_0613__partial seconds 0.303
DONE core 213 400 ragognize_train_0845__complete seconds 0.337
DONE core 214 400 ragognize_train_0845__partial seconds 0.33
DONE core 215 400 ragognize_train_0855__complete seconds 0.305
DONE core 216 400 ragognize_train_0855__partial seconds 0.356
DONE core 217 400 ragognize_train_0913__complete seconds 0.314
DONE core 218 400 ragognize_train_0913__partial seconds 0.329
DONE core 219 400 ragognize_train_1145__complete seconds 0.393
DONE core 220 400 ragognize_train_1145__partial seconds 0.329
DONE core 221 400 ragognize_train_1159__complete seconds 0.316
DONE core 222 400 ragognize_train_1159__partial seconds 0.313
DONE core 223 400 ragognize_train_1168__complete seconds 0.375
DONE core 224 400 ragognize_train_1168__partial seconds 0.317
DONE core 225 400 ragognize_train_1279__complete seconds 0.413
DONE core 226 400 ragognize_train_1279__partial seconds 0.615
DONE core 227 400 ragognize_train_1511__complete seconds 0.404
DONE core 228 400 ragognize_train_1511__partial seconds 0.397
DONE core 229 400 ragognize_train_1686__complete seconds 0.296
DONE core 230 400 ragognize_train_1686__partial seconds 0.284
DONE core 231 400 ragognize_train_1892__complete seconds 0.405
DONE core 232 400 ragognize_train_1892__partial seconds 0.408
DONE core 233 400 ragognize_train_1996__complete seconds 0.402
DONE core 234 400 ragognize_train_1996__partial seconds 0.403
DONE core 235 400 ragognize_train_2214__complete seconds 0.478
DONE core 236 400 ragognize_train_2214__partial seconds 0.476
DONE core 237 400 ragognize_train_2266__complete seconds 0.402
DONE core 238 400 ragognize_train_2266__partial seconds 0.417
DONE core 239 400 ragognize_train_2328__complete seconds 0.45
DONE core 240 400 ragognize_train_2328__partial seconds 0.454
DONE core 241 400 ragognize_test_0690__complete seconds 0.305
DONE core 242 400 ragognize_test_0690__partial seconds 0.353
DONE core 243 400 ragognize_test_1012__complete seconds 0.382
DONE core 244 400 ragognize_test_1012__partial seconds 0.398
DONE core 245 400 ragognize_test_1021__complete seconds 0.388
DONE core 246 400 ragognize_test_1021__partial seconds 0.532
DONE core 247 400 ragognize_test_1668__complete seconds 0.324
DONE core 248 400 ragognize_test_1668__partial seconds 0.302
DONE core 249 400 ragognize_test_1722__complete seconds 0.458
DONE core 250 400 ragognize_test_1722__partial seconds 0.407
DONE core 251 400 ragognize_test_2227__complete seconds 0.465
DONE core 252 400 ragognize_test_2227__partial seconds 0.461
DONE core 253 400 ragognize_train_0001__complete seconds 0.398
DONE core 254 400 ragognize_train_0001__partial seconds 0.396
DONE core 255 400 ragognize_train_0061__complete seconds 0.396
DONE core 256 400 ragognize_train_0061__partial seconds 0.397
DONE core 257 400 ragognize_train_0151__complete seconds 0.376
DONE core 258 400 ragognize_train_0151__partial seconds 0.485
DONE core 259 400 ragognize_train_0189__complete seconds 0.463
DONE core 260 400 ragognize_train_0189__partial seconds 0.482
DONE core 261 400 ragognize_train_0230__complete seconds 0.366
DONE core 262 400 ragognize_train_0230__partial seconds 0.361
DONE core 263 400 ragognize_train_0235__complete seconds 0.529
DONE core 264 400 ragognize_train_0235__partial seconds 0.545
DONE core 265 400 ragognize_train_0380__complete seconds 0.448
DONE core 266 400 ragognize_train_0380__partial seconds 0.407
DONE core 267 400 ragognize_train_0399__complete seconds 0.582
DONE core 268 400 ragognize_train_0399__partial seconds 0.455
DONE core 269 400 ragognize_train_0403__complete seconds 0.411
DONE core 270 400 ragognize_train_0403__partial seconds 0.558
DONE core 271 400 ragognize_train_0466__complete seconds 0.406
DONE core 272 400 ragognize_train_0466__partial seconds 0.41
DONE core 273 400 ragognize_train_0514__complete seconds 0.386
DONE core 274 400 ragognize_train_0514__partial seconds 0.463
DONE core 275 400 ragognize_train_0615__complete seconds 0.671
DONE core 276 400 ragognize_train_0615__partial seconds 0.644
DONE core 277 400 ragognize_train_0642__complete seconds 0.399
DONE core 278 400 ragognize_train_0642__partial seconds 0.461
DONE core 279 400 ragognize_train_0646__complete seconds 0.383
DONE core 280 400 ragognize_train_0646__partial seconds 0.472
DONE core 281 400 ragognize_train_0653__complete seconds 0.456
DONE core 282 400 ragognize_train_0653__partial seconds 0.479
DONE core 283 400 ragognize_train_0949__complete seconds 0.356
DONE core 284 400 ragognize_train_0949__partial seconds 0.29
DONE core 285 400 ragognize_train_1068__complete seconds 0.403
DONE core 286 400 ragognize_train_1068__partial seconds 0.386
DONE core 287 400 ragognize_train_1147__complete seconds 0.37
DONE core 288 400 ragognize_train_1147__partial seconds 0.401
DONE core 289 400 ragognize_train_1155__complete seconds 0.4
DONE core 290 400 ragognize_train_1155__partial seconds 0.388
DONE core 291 400 ragognize_train_1160__complete seconds 0.458
DONE core 292 400 ragognize_train_1160__partial seconds 0.555
DONE core 293 400 ragognize_train_1219__complete seconds 0.337
DONE core 294 400 ragognize_train_1219__partial seconds 0.342
DONE core 295 400 ragognize_train_1333__complete seconds 0.448
DONE core 296 400 ragognize_train_1333__partial seconds 0.472
DONE core 297 400 ragognize_train_1336__complete seconds 0.403
DONE core 298 400 ragognize_train_1336__partial seconds 0.398
DONE core 299 400 ragognize_train_1401__complete seconds 0.377
DONE core 300 400 ragognize_train_1401__partial seconds 0.366
DONE core 301 400 ragognize_train_1478__complete seconds 0.294
DONE core 302 400 ragognize_train_1478__partial seconds 0.283
DONE core 303 400 ragognize_train_1505__complete seconds 0.39
DONE core 304 400 ragognize_train_1505__partial seconds 0.383
DONE core 305 400 ragognize_train_1542__complete seconds 0.395
DONE core 306 400 ragognize_train_1542__partial seconds 0.385
DONE core 307 400 ragognize_train_1657__complete seconds 0.385
DONE core 308 400 ragognize_train_1657__partial seconds 0.388
DONE core 309 400 ragognize_train_1661__complete seconds 0.478
DONE core 310 400 ragognize_train_1661__partial seconds 0.484
DONE core 311 400 ragognize_train_1664__complete seconds 0.463
DONE core 312 400 ragognize_train_1664__partial seconds 0.466
DONE core 313 400 ragognize_train_1773__complete seconds 0.297
DONE core 314 400 ragognize_train_1773__partial seconds 0.359
DONE core 315 400 ragognize_train_2028__complete seconds 0.364
DONE core 316 400 ragognize_train_2028__partial seconds 0.488
DONE core 317 400 ragognize_train_2062__complete seconds 0.374
DONE core 318 400 ragognize_train_2062__partial seconds 0.384
DONE core 319 400 ragognize_train_2331__complete seconds 0.406
DONE core 320 400 ragognize_train_2331__partial seconds 0.457
DONE core 321 400 ragognize_test_0059__complete seconds 0.552
DONE core 322 400 ragognize_test_0059__partial seconds 0.585
DONE core 323 400 ragognize_test_0172__complete seconds 0.463
DONE core 324 400 ragognize_test_0172__partial seconds 0.606
DONE core 325 400 ragognize_test_1644__complete seconds 0.408
DONE core 326 400 ragognize_test_1644__partial seconds 0.527
DONE core 327 400 ragognize_test_1723__complete seconds 0.475
DONE core 328 400 ragognize_test_1723__partial seconds 0.527
DONE core 329 400 ragognize_test_1817__complete seconds 0.394
DONE core 330 400 ragognize_test_1817__partial seconds 0.401
DONE core 331 400 ragognize_test_1887__complete seconds 0.4
DONE core 332 400 ragognize_test_1887__partial seconds 0.545
DONE core 333 400 ragognize_test_2231__complete seconds 0.407
DONE core 334 400 ragognize_test_2231__partial seconds 0.475
DONE core 335 400 ragognize_test_2340__complete seconds 0.474
DONE core 336 400 ragognize_test_2340__partial seconds 0.475
DONE core 337 400 ragognize_train_0043__complete seconds 0.372
DONE core 338 400 ragognize_train_0043__partial seconds 0.359
DONE core 339 400 ragognize_train_0169__complete seconds 0.468
DONE core 340 400 ragognize_train_0169__partial seconds 0.482
DONE core 341 400 ragognize_train_0253__complete seconds 0.367
DONE core 342 400 ragognize_train_0253__partial seconds 0.34
DONE core 343 400 ragognize_train_0265__complete seconds 0.402
DONE core 344 400 ragognize_train_0265__partial seconds 0.46
DONE core 345 400 ragognize_train_0284__complete seconds 0.393
DONE core 346 400 ragognize_train_0284__partial seconds 0.406
DONE core 347 400 ragognize_train_0354__complete seconds 0.452
DONE core 348 400 ragognize_train_0354__partial seconds 0.529
DONE core 349 400 ragognize_train_0366__complete seconds 0.418
DONE core 350 400 ragognize_train_0366__partial seconds 0.46
DONE core 351 400 ragognize_train_0368__complete seconds 0.538
DONE core 352 400 ragognize_train_0368__partial seconds 0.748
DONE core 353 400 ragognize_train_0498__complete seconds 0.343
DONE core 354 400 ragognize_train_0498__partial seconds 0.42
DONE core 355 400 ragognize_train_0719__complete seconds 0.571
DONE core 356 400 ragognize_train_0719__partial seconds 0.54
DONE core 357 400 ragognize_train_0891__complete seconds 0.465
DONE core 358 400 ragognize_train_0891__partial seconds 0.463
DONE core 359 400 ragognize_train_0928__complete seconds 0.422
DONE core 360 400 ragognize_train_0928__partial seconds 0.403
DONE core 361 400 ragognize_train_0951__complete seconds 0.475
DONE core 362 400 ragognize_train_0951__partial seconds 0.473
DONE core 363 400 ragognize_train_0974__complete seconds 0.435
DONE core 364 400 ragognize_train_0974__partial seconds 0.571
DONE core 365 400 ragognize_train_1035__complete seconds 0.46
DONE core 366 400 ragognize_train_1035__partial seconds 0.599
DONE core 367 400 ragognize_train_1042__complete seconds 0.48
DONE core 368 400 ragognize_train_1042__partial seconds 0.798
DONE core 369 400 ragognize_train_1205__complete seconds 0.376
DONE core 370 400 ragognize_train_1205__partial seconds 0.408
DONE core 371 400 ragognize_train_1359__complete seconds 0.658
DONE core 372 400 ragognize_train_1359__partial seconds 0.645
DONE core 373 400 ragognize_train_1415__complete seconds 0.555
DONE core 374 400 ragognize_train_1415__partial seconds 0.607
DONE core 375 400 ragognize_train_1472__complete seconds 0.404
DONE core 376 400 ragognize_train_1472__partial seconds 0.458
DONE core 377 400 ragognize_train_1543__complete seconds 0.576
DONE core 378 400 ragognize_train_1543__partial seconds 0.589
DONE core 379 400 ragognize_train_1711__complete seconds 0.472
DONE core 380 400 ragognize_train_1711__partial seconds 0.359
DONE core 381 400 ragognize_train_1777__complete seconds 0.476
DONE core 382 400 ragognize_train_1777__partial seconds 0.466
DONE core 383 400 ragognize_train_1821__complete seconds 0.394
DONE core 384 400 ragognize_train_1821__partial seconds 0.476
DONE core 385 400 ragognize_train_1869__complete seconds 0.459
DONE core 386 400 ragognize_train_1869__partial seconds 0.464
DONE core 387 400 ragognize_train_1871__complete seconds 0.471
DONE core 388 400 ragognize_train_1871__partial seconds 0.485
DONE core 389 400 ragognize_train_1879__complete seconds 0.564
DONE core 390 400 ragognize_train_1879__partial seconds 0.554
DONE core 391 400 ragognize_train_2144__complete seconds 0.516
DONE core 392 400 ragognize_train_2144__partial seconds 0.586
DONE core 393 400 ragognize_train_2167__complete seconds 0.479
DONE core 394 400 ragognize_train_2167__partial seconds 0.479
DONE core 395 400 ragognize_train_2232__complete seconds 0.478
DONE core 396 400 ragognize_train_2232__partial seconds 0.503
DONE core 397 400 ragognize_train_2268__complete seconds 0.45
DONE core 398 400 ragognize_train_2268__partial seconds 0.549
DONE core 399 400 ragognize_train_2314__complete seconds 0.558
DONE core 400 400 ragognize_train_2314__partial seconds 0.474
DONE attention 1 400 ragognize_train_0158__complete seconds 1.003
DONE attention 2 400 ragognize_train_0158__partial seconds 0.981
DONE attention 3 400 ragognize_train_0287__complete seconds 0.981
DONE attention 4 400 ragognize_train_0287__partial seconds 1.224
DONE attention 5 400 ragognize_train_0302__complete seconds 1.206
DONE attention 6 400 ragognize_train_0302__partial seconds 1.198
DONE attention 7 400 ragognize_train_0313__complete seconds 1.202
DONE attention 8 400 ragognize_train_0313__partial seconds 0.998
DONE attention 9 400 ragognize_train_0379__complete seconds 1.188
DONE attention 10 400 ragognize_train_0379__partial seconds 1.197
DONE attention 11 400 ragognize_train_0519__complete seconds 0.991
DONE attention 12 400 ragognize_train_0519__partial seconds 1.398
DONE attention 13 400 ragognize_train_0580__complete seconds 1.207
DONE attention 14 400 ragognize_train_0580__partial seconds 1.201
DONE attention 15 400 ragognize_train_0623__complete seconds 1.188
DONE attention 16 400 ragognize_train_0623__partial seconds 0.995
DONE attention 17 400 ragognize_train_0656__complete seconds 0.991
DONE attention 18 400 ragognize_train_0656__partial seconds 0.988
DONE attention 19 400 ragognize_train_0692__complete seconds 0.981
DONE attention 20 400 ragognize_train_0692__partial seconds 0.996
DONE attention 21 400 ragognize_train_0777__complete seconds 0.996
DONE attention 22 400 ragognize_train_0777__partial seconds 1.22
DONE attention 23 400 ragognize_train_0860__complete seconds 1.264
DONE attention 24 400 ragognize_train_0860__partial seconds 1.278
DONE attention 25 400 ragognize_train_0867__complete seconds 1.189
DONE attention 26 400 ragognize_train_0867__partial seconds 0.985
DONE attention 27 400 ragognize_train_0903__complete seconds 0.935
DONE attention 28 400 ragognize_train_0903__partial seconds 1.152
DONE attention 29 400 ragognize_train_0939__complete seconds 0.986
DONE attention 30 400 ragognize_train_0939__partial seconds 0.984
DONE attention 31 400 ragognize_train_0988__complete seconds 1.208
DONE attention 32 400 ragognize_train_0988__partial seconds 1.003
DONE attention 33 400 ragognize_train_1041__complete seconds 1.42
DONE attention 34 400 ragognize_train_1041__partial seconds 1.199
DONE attention 35 400 ragognize_train_1122__complete seconds 1.283
DONE attention 36 400 ragognize_train_1122__partial seconds 1.416
DONE attention 37 400 ragognize_train_1128__complete seconds 0.784
DONE attention 38 400 ragognize_train_1128__partial seconds 1.208
DONE attention 39 400 ragognize_train_1149__complete seconds 0.995
DONE attention 40 400 ragognize_train_1149__partial seconds 1.004
DONE attention 41 400 ragognize_train_1153__complete seconds 1.003
DONE attention 42 400 ragognize_train_1153__partial seconds 1.193
DONE attention 43 400 ragognize_train_1180__complete seconds 1.197
DONE attention 44 400 ragognize_train_1180__partial seconds 1.206
DONE attention 45 400 ragognize_train_1187__complete seconds 1.353
DONE attention 46 400 ragognize_train_1187__partial seconds 0.971
DONE attention 47 400 ragognize_train_1298__complete seconds 1.113
DONE attention 48 400 ragognize_train_1298__partial seconds 1.093
DONE attention 49 400 ragognize_train_1307__complete seconds 1.151
DONE attention 50 400 ragognize_train_1307__partial seconds 1.137
DONE attention 51 400 ragognize_train_1347__complete seconds 1.132
DONE attention 52 400 ragognize_train_1347__partial seconds 1.132
DONE attention 53 400 ragognize_train_1593__complete seconds 0.929
DONE attention 54 400 ragognize_train_1593__partial seconds 0.928
DONE attention 55 400 ragognize_train_1617__complete seconds 1.397
DONE attention 56 400 ragognize_train_1617__partial seconds 1.193
DONE attention 57 400 ragognize_train_1681__complete seconds 0.937
DONE attention 58 400 ragognize_train_1681__partial seconds 1.197
DONE attention 59 400 ragognize_train_1689__complete seconds 1.202
DONE attention 60 400 ragognize_train_1689__partial seconds 1.195
DONE attention 61 400 ragognize_train_1875__complete seconds 0.933
DONE attention 62 400 ragognize_train_1875__partial seconds 0.747
DONE attention 63 400 ragognize_train_1971__complete seconds 0.944
DONE attention 64 400 ragognize_train_1971__partial seconds 0.902
DONE attention 65 400 ragognize_train_2020__complete seconds 0.932
DONE attention 66 400 ragognize_train_2020__partial seconds 0.932
DONE attention 67 400 ragognize_train_2030__complete seconds 0.895
DONE attention 68 400 ragognize_train_2030__partial seconds 0.885
DONE attention 69 400 ragognize_train_2036__complete seconds 1.138
DONE attention 70 400 ragognize_train_2036__partial seconds 1.139
DONE attention 71 400 ragognize_train_2160__complete seconds 0.703
DONE attention 72 400 ragognize_train_2160__partial seconds 0.748
DONE attention 73 400 ragognize_train_2180__complete seconds 0.893
DONE attention 74 400 ragognize_train_2180__partial seconds 0.895
DONE attention 75 400 ragognize_train_2212__complete seconds 0.889
DONE attention 76 400 ragognize_train_2212__partial seconds 0.892
DONE attention 77 400 ragognize_train_2218__complete seconds 0.889
DONE attention 78 400 ragognize_train_2218__partial seconds 0.891
DONE attention 79 400 ragognize_train_2271__complete seconds 0.939
DONE attention 80 400 ragognize_train_2271__partial seconds 0.953
DONE attention 81 400 ragognize_test_0044__complete seconds 1.199
DONE attention 82 400 ragognize_test_0044__partial seconds 1.13
DONE attention 83 400 ragognize_test_0130__complete seconds 0.944
DONE attention 84 400 ragognize_test_0130__partial seconds 1.137
DONE attention 85 400 ragognize_test_0237__complete seconds 0.742
DONE attention 86 400 ragognize_test_0237__partial seconds 0.943
DONE attention 87 400 ragognize_test_0275__complete seconds 1.337
DONE attention 88 400 ragognize_test_0275__partial seconds 1.135
DONE attention 89 400 ragognize_test_0485__complete seconds 1.128
DONE attention 90 400 ragognize_test_0485__partial seconds 1.129
DONE attention 91 400 ragognize_test_0701__complete seconds 1.344
DONE attention 92 400 ragognize_test_0701__partial seconds 1.344
DONE attention 93 400 ragognize_test_0726__complete seconds 1.355
DONE attention 94 400 ragognize_test_0726__partial seconds 1.35
DONE attention 95 400 ragognize_test_0970__complete seconds 0.95
DONE attention 96 400 ragognize_test_0970__partial seconds 1.128
DONE attention 97 400 ragognize_test_0998__complete seconds 1.144
DONE attention 98 400 ragognize_test_0998__partial seconds 1.143
DONE attention 99 400 ragognize_test_1264__complete seconds 1.338
DONE attention 100 400 ragognize_test_1264__partial seconds 1.338
DONE attention 101 400 ragognize_test_1284__complete seconds 1.129
DONE attention 102 400 ragognize_test_1284__partial seconds 1.327
DONE attention 103 400 ragognize_train_1396__complete seconds 1.206
DONE attention 104 400 ragognize_train_1396__partial seconds 1.408
DONE attention 105 400 ragognize_test_1332__complete seconds 0.745
DONE attention 106 400 ragognize_test_1332__partial seconds 1.128
DONE attention 107 400 ragognize_test_1452__complete seconds 0.899
DONE attention 108 400 ragognize_test_1452__partial seconds 1.1
DONE attention 109 400 ragognize_test_1554__complete seconds 1.198
DONE attention 110 400 ragognize_test_1554__partial seconds 1.196
DONE attention 111 400 ragognize_test_1645__complete seconds 1.127
DONE attention 112 400 ragognize_test_1645__partial seconds 1.139
DONE attention 113 400 ragognize_test_2039__complete seconds 1.139
DONE attention 114 400 ragognize_test_2039__partial seconds 1.521
DONE attention 115 400 ragognize_test_2095__complete seconds 0.937
DONE attention 116 400 ragognize_test_2095__partial seconds 0.958
DONE attention 117 400 ragognize_train_0177__complete seconds 0.938
DONE attention 118 400 ragognize_train_0177__partial seconds 1.143
DONE attention 119 400 ragognize_train_0382__complete seconds 1.411
DONE attention 120 400 ragognize_train_0382__partial seconds 1.154
DONE attention 121 400 ragognize_train_0406__complete seconds 0.942
DONE attention 122 400 ragognize_train_0406__partial seconds 0.943
DONE attention 123 400 ragognize_train_0414__complete seconds 1.006
DONE attention 124 400 ragognize_train_0414__partial seconds 1.011
DONE attention 125 400 ragognize_train_0420__complete seconds 0.894
DONE attention 126 400 ragognize_train_0420__partial seconds 1.148
DONE attention 127 400 ragognize_train_0473__complete seconds 1.22
DONE attention 128 400 ragognize_train_0473__partial seconds 1.392
DONE attention 129 400 ragognize_train_0683__complete seconds 1.205
DONE attention 130 400 ragognize_train_0683__partial seconds 1.201
DONE attention 131 400 ragognize_train_0940__complete seconds 0.938
DONE attention 132 400 ragognize_train_0940__partial seconds 0.94
DONE attention 133 400 ragognize_train_1158__complete seconds 1.421
DONE attention 134 400 ragognize_train_1158__partial seconds 1.42
DONE attention 135 400 ragognize_train_1379__complete seconds 1.398
DONE attention 136 400 ragognize_train_1379__partial seconds 1.602
DONE attention 137 400 ragognize_train_1520__complete seconds 1.326
DONE attention 138 400 ragognize_train_1520__partial seconds 1.14
DONE attention 139 400 ragognize_train_1532__complete seconds 1.335
DONE attention 140 400 ragognize_train_1532__partial seconds 1.153
DONE attention 141 400 ragognize_train_1586__complete seconds 1.128
DONE attention 142 400 ragognize_train_1586__partial seconds 1.134
DONE attention 143 400 ragognize_train_1747__complete seconds 0.929
DONE attention 144 400 ragognize_train_1747__partial seconds 0.738
DONE attention 145 400 ragognize_train_1766__complete seconds 1.141
DONE attention 146 400 ragognize_train_1766__partial seconds 1.131
DONE attention 147 400 ragognize_train_1782__complete seconds 1.127
DONE attention 148 400 ragognize_train_1782__partial seconds 1.133
DONE attention 149 400 ragognize_train_1861__complete seconds 1.393
DONE attention 150 400 ragognize_train_1861__partial seconds 1.588
DONE attention 151 400 ragognize_train_1953__complete seconds 1.131
DONE attention 152 400 ragognize_train_1953__partial seconds 1.563
DONE attention 153 400 ragognize_train_2125__complete seconds 1.385
DONE attention 154 400 ragognize_train_2125__partial seconds 1.388
DONE attention 155 400 ragognize_train_2141__complete seconds 1.531
DONE attention 156 400 ragognize_train_2141__partial seconds 1.337
DONE attention 157 400 ragognize_train_2179__complete seconds 1.332
DONE attention 158 400 ragognize_train_2179__partial seconds 1.359
DONE attention 159 400 ragognize_train_2295__complete seconds 1.196
DONE attention 160 400 ragognize_train_2295__partial seconds 1.208
DONE attention 161 400 ragognize_test_0387__complete seconds 0.938
DONE attention 162 400 ragognize_test_0387__partial seconds 0.928
DONE attention 163 400 ragognize_test_0452__complete seconds 0.674
DONE attention 164 400 ragognize_test_0452__partial seconds 0.684
DONE attention 165 400 ragognize_test_0645__complete seconds 0.927
DONE attention 166 400 ragognize_test_0645__partial seconds 0.744
DONE attention 167 400 ragognize_test_0648__complete seconds 0.735
DONE attention 168 400 ragognize_test_0648__partial seconds 1.139
DONE attention 169 400 ragognize_test_0681__complete seconds 1.536
DONE attention 170 400 ragognize_test_0681__partial seconds 1.325
DONE attention 171 400 ragognize_test_0889__complete seconds 0.678
DONE attention 172 400 ragognize_test_0889__partial seconds 1.112
DONE attention 173 400 ragognize_test_0959__complete seconds 0.675
DONE attention 174 400 ragognize_test_0959__partial seconds 0.673
DONE attention 175 400 ragognize_test_0964__complete seconds 0.699
DONE attention 176 400 ragognize_test_0964__partial seconds 1.349
DONE attention 177 400 ragognize_test_1018__complete seconds 0.937
DONE attention 178 400 ragognize_test_1018__partial seconds 1.558
DONE attention 179 400 ragognize_test_1117__complete seconds 0.949
DONE attention 180 400 ragognize_test_1117__partial seconds 1.147
DONE attention 181 400 ragognize_test_1241__complete seconds 0.955
DONE attention 182 400 ragognize_test_1241__partial seconds 0.941
DONE attention 183 400 ragognize_test_1420__complete seconds 0.942
DONE attention 184 400 ragognize_test_1420__partial seconds 0.949
DONE attention 185 400 ragognize_test_1463__complete seconds 0.697
DONE attention 186 400 ragognize_test_1463__partial seconds 0.694
DONE attention 187 400 ragognize_test_1548__complete seconds 0.95
DONE attention 188 400 ragognize_test_1548__partial seconds 1.143
DONE attention 189 400 ragognize_test_1740__complete seconds 0.712
DONE attention 190 400 ragognize_test_1740__partial seconds 0.71
DONE attention 191 400 ragognize_test_1866__complete seconds 0.945
DONE attention 192 400 ragognize_test_1866__partial seconds 0.953
DONE attention 193 400 ragognize_test_1974__complete seconds 0.743
DONE attention 194 400 ragognize_test_1974__partial seconds 0.706
DONE attention 195 400 ragognize_test_1979__complete seconds 0.887
DONE attention 196 400 ragognize_test_1979__partial seconds 0.89
DONE attention 197 400 ragognize_test_2096__complete seconds 0.939
DONE attention 198 400 ragognize_test_2096__partial seconds 0.937
DONE attention 199 400 ragognize_test_2206__complete seconds 0.708
DONE attention 200 400 ragognize_test_2206__partial seconds 1.099
DONE attention 201 400 ragognize_test_2293__complete seconds 0.896
DONE attention 202 400 ragognize_test_2293__partial seconds 0.942
DONE attention 203 400 ragognize_train_0088__complete seconds 1.129
DONE attention 204 400 ragognize_train_0088__partial seconds 1.147
DONE attention 205 400 ragognize_train_0095__complete seconds 0.672
DONE attention 206 400 ragognize_train_0095__partial seconds 0.902
DONE attention 207 400 ragognize_train_0445__complete seconds 0.94
DONE attention 208 400 ragognize_train_0445__partial seconds 0.951
DONE attention 209 400 ragognize_train_0584__complete seconds 0.712
DONE attention 210 400 ragognize_train_0584__partial seconds 0.696
DONE attention 211 400 ragognize_train_0613__complete seconds 0.741
DONE attention 212 400 ragognize_train_0613__partial seconds 0.699
DONE attention 213 400 ragognize_train_0845__complete seconds 0.741
DONE attention 214 400 ragognize_train_0845__partial seconds 0.744
DONE attention 215 400 ragognize_train_0855__complete seconds 0.685
DONE attention 216 400 ragognize_train_0855__partial seconds 0.878
DONE attention 217 400 ragognize_train_0913__complete seconds 0.737
DONE attention 218 400 ragognize_train_0913__partial seconds 0.748
DONE attention 219 400 ragognize_train_1145__complete seconds 0.938
DONE attention 220 400 ragognize_train_1145__partial seconds 0.742
DONE attention 221 400 ragognize_train_1159__complete seconds 0.73
DONE attention 222 400 ragognize_train_1159__partial seconds 0.738
DONE attention 223 400 ragognize_train_1168__complete seconds 0.934
DONE attention 224 400 ragognize_train_1168__partial seconds 0.738
DONE attention 225 400 ragognize_train_1279__complete seconds 0.939
DONE attention 226 400 ragognize_train_1279__partial seconds 1.531
DONE attention 227 400 ragognize_train_1511__complete seconds 0.931
DONE attention 228 400 ragognize_train_1511__partial seconds 0.949
DONE attention 229 400 ragognize_train_1686__complete seconds 0.687
DONE attention 230 400 ragognize_train_1686__partial seconds 0.684
DONE attention 231 400 ragognize_train_1892__complete seconds 0.947
DONE attention 232 400 ragognize_train_1892__partial seconds 0.962
DONE attention 233 400 ragognize_train_1996__complete seconds 0.949
DONE attention 234 400 ragognize_train_1996__partial seconds 0.949
DONE attention 235 400 ragognize_train_2214__complete seconds 1.141
DONE attention 236 400 ragognize_train_2214__partial seconds 1.133
DONE attention 237 400 ragognize_train_2266__complete seconds 0.939
DONE attention 238 400 ragognize_train_2266__partial seconds 0.947
DONE attention 239 400 ragognize_train_2328__complete seconds 1.116
DONE attention 240 400 ragognize_train_2328__partial seconds 1.133
DONE attention 241 400 ragognize_test_0690__complete seconds 0.682
DONE attention 242 400 ragognize_test_0690__partial seconds 0.911
DONE attention 243 400 ragognize_test_1012__complete seconds 0.926
DONE attention 244 400 ragognize_test_1012__partial seconds 0.932
DONE attention 245 400 ragognize_test_1021__complete seconds 0.932
DONE attention 246 400 ragognize_test_1021__partial seconds 1.332
DONE attention 247 400 ragognize_test_1668__complete seconds 0.749
DONE attention 248 400 ragognize_test_1668__partial seconds 0.703
DONE attention 249 400 ragognize_test_1722__complete seconds 1.137
DONE attention 250 400 ragognize_test_1722__partial seconds 0.952
DONE attention 251 400 ragognize_test_2227__complete seconds 1.132
DONE attention 252 400 ragognize_test_2227__partial seconds 1.125
DONE attention 253 400 ragognize_train_0001__complete seconds 0.936
DONE attention 254 400 ragognize_train_0001__partial seconds 0.952
DONE attention 255 400 ragognize_train_0061__complete seconds 0.933
DONE attention 256 400 ragognize_train_0061__partial seconds 0.944
DONE attention 257 400 ragognize_train_0151__complete seconds 0.882
DONE attention 258 400 ragognize_train_0151__partial seconds 1.136
DONE attention 259 400 ragognize_train_0189__complete seconds 1.166
DONE attention 260 400 ragognize_train_0189__partial seconds 1.138
DONE attention 261 400 ragognize_train_0230__complete seconds 0.894
DONE attention 262 400 ragognize_train_0230__partial seconds 0.893
DONE attention 263 400 ragognize_train_0235__complete seconds 1.321
DONE attention 264 400 ragognize_train_0235__partial seconds 1.337
DONE attention 265 400 ragognize_train_0380__complete seconds 1.144
DONE attention 266 400 ragognize_train_0380__partial seconds 0.933
DONE attention 267 400 ragognize_train_0399__complete seconds 1.412
DONE attention 268 400 ragognize_train_0399__partial seconds 1.14
DONE attention 269 400 ragognize_train_0403__complete seconds 0.952
DONE attention 270 400 ragognize_train_0403__partial seconds 1.341
DONE attention 271 400 ragognize_train_0466__complete seconds 0.936
DONE attention 272 400 ragognize_train_0466__partial seconds 0.945
DONE attention 273 400 ragognize_train_0514__complete seconds 0.91
DONE attention 274 400 ragognize_train_0514__partial seconds 1.137
DONE attention 275 400 ragognize_train_0615__complete seconds 1.632
DONE attention 276 400 ragognize_train_0615__partial seconds 1.604
DONE attention 277 400 ragognize_train_0642__complete seconds 0.941
DONE attention 278 400 ragognize_train_0642__partial seconds 1.132
DONE attention 279 400 ragognize_train_0646__complete seconds 0.939
DONE attention 280 400 ragognize_train_0646__partial seconds 1.152
DONE attention 281 400 ragognize_train_0653__complete seconds 1.125
DONE attention 282 400 ragognize_train_0653__partial seconds 1.138
DONE attention 283 400 ragognize_train_0949__complete seconds 0.897
DONE attention 284 400 ragognize_train_0949__partial seconds 0.699
DONE attention 285 400 ragognize_train_1068__complete seconds 0.938
DONE attention 286 400 ragognize_train_1068__partial seconds 0.935
DONE attention 287 400 ragognize_train_1147__complete seconds 0.894
DONE attention 288 400 ragognize_train_1147__partial seconds 0.947
DONE attention 289 400 ragognize_train_1155__complete seconds 0.935
DONE attention 290 400 ragognize_train_1155__partial seconds 0.94
DONE attention 291 400 ragognize_train_1160__complete seconds 1.128
DONE attention 292 400 ragognize_train_1160__partial seconds 1.338
DONE attention 293 400 ragognize_train_1219__complete seconds 0.742
DONE attention 294 400 ragognize_train_1219__partial seconds 0.743
DONE attention 295 400 ragognize_train_1333__complete seconds 1.119
DONE attention 296 400 ragognize_train_1333__partial seconds 1.13
DONE attention 297 400 ragognize_train_1336__complete seconds 0.96
DONE attention 298 400 ragognize_train_1336__partial seconds 0.934
DONE attention 299 400 ragognize_train_1401__complete seconds 0.888
DONE attention 300 400 ragognize_train_1401__partial seconds 0.883
DONE attention 301 400 ragognize_train_1478__complete seconds 0.685
DONE attention 302 400 ragognize_train_1478__partial seconds 0.678
DONE attention 303 400 ragognize_train_1505__complete seconds 0.936
DONE attention 304 400 ragognize_train_1505__partial seconds 0.953
DONE attention 305 400 ragognize_train_1542__complete seconds 0.927
DONE attention 306 400 ragognize_train_1542__partial seconds 0.93
DONE attention 307 400 ragognize_train_1657__complete seconds 0.936
DONE attention 308 400 ragognize_train_1657__partial seconds 0.933
DONE attention 309 400 ragognize_train_1661__complete seconds 1.117
DONE attention 310 400 ragognize_train_1661__partial seconds 1.138
DONE attention 311 400 ragognize_train_1664__complete seconds 1.133
DONE attention 312 400 ragognize_train_1664__partial seconds 1.126
DONE attention 313 400 ragognize_train_1773__complete seconds 0.685
DONE attention 314 400 ragognize_train_1773__partial seconds 0.892
DONE attention 315 400 ragognize_train_2028__complete seconds 0.804
DONE attention 316 400 ragognize_train_2028__partial seconds 1.207
DONE attention 317 400 ragognize_train_2062__complete seconds 0.891
DONE attention 318 400 ragognize_train_2062__partial seconds 0.935
DONE attention 319 400 ragognize_train_2331__complete seconds 0.945
DONE attention 320 400 ragognize_train_2331__partial seconds 1.126
DONE attention 321 400 ragognize_test_0059__complete seconds 1.328
DONE attention 322 400 ragognize_test_0059__partial seconds 1.403
DONE attention 323 400 ragognize_test_0172__complete seconds 1.123
DONE attention 324 400 ragognize_test_0172__partial seconds 1.519
DONE attention 325 400 ragognize_test_1644__complete seconds 0.937
DONE attention 326 400 ragognize_test_1644__partial seconds 1.337
DONE attention 327 400 ragognize_test_1723__complete seconds 1.149
DONE attention 328 400 ragognize_test_1723__partial seconds 1.325
DONE attention 329 400 ragognize_test_1817__complete seconds 0.936
DONE attention 330 400 ragognize_test_1817__partial seconds 0.941
DONE attention 331 400 ragognize_test_1887__complete seconds 0.935
DONE attention 332 400 ragognize_test_1887__partial seconds 1.349
DONE attention 333 400 ragognize_test_2231__complete seconds 0.94
DONE attention 334 400 ragognize_test_2231__partial seconds 1.13
DONE attention 335 400 ragognize_test_2340__complete seconds 1.128
DONE attention 336 400 ragognize_test_2340__partial seconds 1.138
DONE attention 337 400 ragognize_train_0043__complete seconds 0.903
DONE attention 338 400 ragognize_train_0043__partial seconds 0.886
DONE attention 339 400 ragognize_train_0169__complete seconds 1.149
DONE attention 340 400 ragognize_train_0169__partial seconds 1.133
DONE attention 341 400 ragognize_train_0253__complete seconds 0.88
DONE attention 342 400 ragognize_train_0253__partial seconds 0.887
DONE attention 343 400 ragognize_train_0265__complete seconds 0.941
DONE attention 344 400 ragognize_train_0265__partial seconds 1.138
DONE attention 345 400 ragognize_train_0284__complete seconds 0.937
DONE attention 346 400 ragognize_train_0284__partial seconds 0.952
DONE attention 347 400 ragognize_train_0354__complete seconds 1.129
DONE attention 348 400 ragognize_train_0354__partial seconds 1.334
DONE attention 349 400 ragognize_train_0366__complete seconds 0.938
DONE attention 350 400 ragognize_train_0366__partial seconds 1.131
DONE attention 351 400 ragognize_train_0368__complete seconds 1.195
DONE attention 352 400 ragognize_train_0368__partial seconds 1.801
DONE attention 353 400 ragognize_train_0498__complete seconds 0.876
DONE attention 354 400 ragognize_train_0498__partial seconds 1.076
DONE attention 355 400 ragognize_train_0719__complete seconds 1.341
DONE attention 356 400 ragognize_train_0719__partial seconds 1.337
DONE attention 357 400 ragognize_train_0891__complete seconds 1.117
DONE attention 358 400 ragognize_train_0891__partial seconds 1.136
DONE attention 359 400 ragognize_train_0928__complete seconds 0.944
DONE attention 360 400 ragognize_train_0928__partial seconds 0.949
DONE attention 361 400 ragognize_train_0951__complete seconds 1.144
DONE attention 362 400 ragognize_train_0951__partial seconds 1.154
DONE attention 363 400 ragognize_train_0974__complete seconds 0.994
DONE attention 364 400 ragognize_train_0974__partial seconds 1.412
DONE attention 365 400 ragognize_train_1035__complete seconds 1.127
DONE attention 366 400 ragognize_train_1035__partial seconds 1.533
DONE attention 367 400 ragognize_train_1042__complete seconds 1.139
DONE attention 368 400 ragognize_train_1042__partial seconds 2.0
DONE attention 369 400 ragognize_train_1205__complete seconds 0.887
DONE attention 370 400 ragognize_train_1205__partial seconds 0.946
DONE attention 371 400 ragognize_train_1359__complete seconds 1.59
DONE attention 372 400 ragognize_train_1359__partial seconds 1.609
DONE attention 373 400 ragognize_train_1415__complete seconds 1.326
DONE attention 374 400 ragognize_train_1415__partial seconds 1.533
DONE attention 375 400 ragognize_train_1472__complete seconds 0.94
DONE attention 376 400 ragognize_train_1472__partial seconds 1.135
DONE attention 377 400 ragognize_train_1543__complete seconds 1.4
DONE attention 378 400 ragognize_train_1543__partial seconds 1.41
DONE attention 379 400 ragognize_train_1711__complete seconds 1.129
DONE attention 380 400 ragognize_train_1711__partial seconds 0.889
DONE attention 381 400 ragognize_train_1777__complete seconds 1.133
DONE attention 382 400 ragognize_train_1777__partial seconds 1.127
DONE attention 383 400 ragognize_train_1821__complete seconds 0.929
DONE attention 384 400 ragognize_train_1821__partial seconds 1.149
DONE attention 385 400 ragognize_train_1869__complete seconds 1.129
DONE attention 386 400 ragognize_train_1869__partial seconds 1.116
DONE attention 387 400 ragognize_train_1871__complete seconds 1.129
DONE attention 388 400 ragognize_train_1871__partial seconds 1.135
DONE attention 389 400 ragognize_train_1879__complete seconds 1.335
DONE attention 390 400 ragognize_train_1879__partial seconds 1.346
DONE attention 391 400 ragognize_train_2144__complete seconds 1.193
DONE attention 392 400 ragognize_train_2144__partial seconds 1.386
DONE attention 393 400 ragognize_train_2167__complete seconds 1.143
DONE attention 394 400 ragognize_train_2167__partial seconds 1.137
DONE attention 395 400 ragognize_train_2232__complete seconds 1.126
DONE attention 396 400 ragognize_train_2232__partial seconds 1.139
DONE attention 397 400 ragognize_train_2268__complete seconds 1.003
DONE attention 398 400 ragognize_train_2268__partial seconds 1.212
DONE attention 399 400 ragognize_train_2314__complete seconds 1.332
DONE attention 400 400 ragognize_train_2314__partial seconds 1.147
DONE lumina 1 400 ragognize_train_0158__complete seconds 0.54
DONE lumina 2 400 ragognize_train_0158__partial seconds 0.529
DONE lumina 3 400 ragognize_train_0287__complete seconds 0.511
DONE lumina 4 400 ragognize_train_0287__partial seconds 0.526
DONE lumina 5 400 ragognize_train_0302__complete seconds 0.552
DONE lumina 6 400 ragognize_train_0302__partial seconds 0.554
DONE lumina 7 400 ragognize_train_0313__complete seconds 0.535
DONE lumina 8 400 ragognize_train_0313__partial seconds 0.536
DONE lumina 9 400 ragognize_train_0379__complete seconds 0.523
DONE lumina 10 400 ragognize_train_0379__partial seconds 0.521
DONE lumina 11 400 ragognize_train_0519__complete seconds 0.501
DONE lumina 12 400 ragognize_train_0519__partial seconds 0.632
DONE lumina 13 400 ragognize_train_0580__complete seconds 0.519
DONE lumina 14 400 ragognize_train_0580__partial seconds 0.529
DONE lumina 15 400 ragognize_train_0623__complete seconds 0.515
DONE lumina 16 400 ragognize_train_0623__partial seconds 0.512
DONE lumina 17 400 ragognize_train_0656__complete seconds 0.527
DONE lumina 18 400 ragognize_train_0656__partial seconds 0.525
DONE lumina 19 400 ragognize_train_0692__complete seconds 0.494
DONE lumina 20 400 ragognize_train_0692__partial seconds 0.5
DONE lumina 21 400 ragognize_train_0777__complete seconds 0.527
DONE lumina 22 400 ragognize_train_0777__partial seconds 0.536
DONE lumina 23 400 ragognize_train_0860__complete seconds 0.571
DONE lumina 24 400 ragognize_train_0860__partial seconds 0.564
DONE lumina 25 400 ragognize_train_0867__complete seconds 0.518
DONE lumina 26 400 ragognize_train_0867__partial seconds 0.514
DONE lumina 27 400 ragognize_train_0903__complete seconds 0.488
DONE lumina 28 400 ragognize_train_0903__partial seconds 0.504
DONE lumina 29 400 ragognize_train_0939__complete seconds 0.518
DONE lumina 30 400 ragognize_train_0939__partial seconds 0.524
DONE lumina 31 400 ragognize_train_0988__complete seconds 0.549
DONE lumina 32 400 ragognize_train_0988__partial seconds 0.55
DONE lumina 33 400 ragognize_train_1041__complete seconds 0.625
DONE lumina 34 400 ragognize_train_1041__partial seconds 0.52
DONE lumina 35 400 ragognize_train_1122__complete seconds 0.567
DONE lumina 36 400 ragognize_train_1122__partial seconds 0.636
DONE lumina 37 400 ragognize_train_1128__complete seconds 0.413
DONE lumina 38 400 ragognize_train_1128__partial seconds 0.533
DONE lumina 39 400 ragognize_train_1149__complete seconds 0.515
DONE lumina 40 400 ragognize_train_1149__partial seconds 0.52
DONE lumina 41 400 ragognize_train_1153__complete seconds 0.52
DONE lumina 42 400 ragognize_train_1153__partial seconds 0.518
DONE lumina 43 400 ragognize_train_1180__complete seconds 0.52
DONE lumina 44 400 ragognize_train_1180__partial seconds 0.519
DONE lumina 45 400 ragognize_train_1187__complete seconds 0.55
DONE lumina 46 400 ragognize_train_1187__partial seconds 0.545
DONE lumina 47 400 ragognize_train_1298__complete seconds 0.499
DONE lumina 48 400 ragognize_train_1298__partial seconds 0.505
DONE lumina 49 400 ragognize_train_1307__complete seconds 0.539
DONE lumina 50 400 ragognize_train_1307__partial seconds 0.523
DONE lumina 51 400 ragognize_train_1347__complete seconds 0.533
DONE lumina 52 400 ragognize_train_1347__partial seconds 0.539
DONE lumina 53 400 ragognize_train_1593__complete seconds 0.499
DONE lumina 54 400 ragognize_train_1593__partial seconds 0.5
DONE lumina 55 400 ragognize_train_1617__complete seconds 0.659
DONE lumina 56 400 ragognize_train_1617__partial seconds 0.553
DONE lumina 57 400 ragognize_train_1681__complete seconds 0.52
DONE lumina 58 400 ragognize_train_1681__partial seconds 0.554
DONE lumina 59 400 ragognize_train_1689__complete seconds 0.584
DONE lumina 60 400 ragognize_train_1689__partial seconds 0.582
DONE lumina 61 400 ragognize_train_1875__complete seconds 0.5
DONE lumina 62 400 ragognize_train_1875__partial seconds 0.405
DONE lumina 63 400 ragognize_train_1971__complete seconds 0.525
DONE lumina 64 400 ragognize_train_1971__partial seconds 0.503
DONE lumina 65 400 ragognize_train_2020__complete seconds 0.514
DONE lumina 66 400 ragognize_train_2020__partial seconds 0.513
DONE lumina 67 400 ragognize_train_2030__complete seconds 0.497
DONE lumina 68 400 ragognize_train_2030__partial seconds 0.5
DONE lumina 69 400 ragognize_train_2036__complete seconds 0.515
DONE lumina 70 400 ragognize_train_2036__partial seconds 0.522
DONE lumina 71 400 ragognize_train_2160__complete seconds 0.399
DONE lumina 72 400 ragognize_train_2160__partial seconds 0.423
DONE lumina 73 400 ragognize_train_2180__complete seconds 0.498
DONE lumina 74 400 ragognize_train_2180__partial seconds 0.493
DONE lumina 75 400 ragognize_train_2212__complete seconds 0.495
DONE lumina 76 400 ragognize_train_2212__partial seconds 0.488
DONE lumina 77 400 ragognize_train_2218__complete seconds 0.501
DONE lumina 78 400 ragognize_train_2218__partial seconds 0.504
DONE lumina 79 400 ragognize_train_2271__complete seconds 0.523
DONE lumina 80 400 ragognize_train_2271__partial seconds 0.523
DONE lumina 81 400 ragognize_test_0044__complete seconds 0.55
DONE lumina 82 400 ragognize_test_0044__partial seconds 0.52
DONE lumina 83 400 ragognize_test_0130__complete seconds 0.52
DONE lumina 84 400 ragognize_test_0130__partial seconds 0.528
DONE lumina 85 400 ragognize_test_0237__complete seconds 0.447
DONE lumina 86 400 ragognize_test_0237__partial seconds 0.55
DONE lumina 87 400 ragognize_test_0275__complete seconds 0.631
DONE lumina 88 400 ragognize_test_0275__partial seconds 0.52
DONE lumina 89 400 ragognize_test_0485__complete seconds 0.531
DONE lumina 90 400 ragognize_test_0485__partial seconds 0.527
DONE lumina 91 400 ragognize_test_0701__complete seconds 0.627
DONE lumina 92 400 ragognize_test_0701__partial seconds 0.623
DONE lumina 93 400 ragognize_test_0726__complete seconds 0.636
DONE lumina 94 400 ragognize_test_0726__partial seconds 0.63
DONE lumina 95 400 ragognize_test_0970__complete seconds 0.524
DONE lumina 96 400 ragognize_test_0970__partial seconds 0.523
DONE lumina 97 400 ragognize_test_0998__complete seconds 0.521
DONE lumina 98 400 ragognize_test_0998__partial seconds 0.523
DONE lumina 99 400 ragognize_test_1264__complete seconds 0.626
DONE lumina 100 400 ragognize_test_1264__partial seconds 0.622
DONE lumina 101 400 ragognize_test_1284__complete seconds 0.558
DONE lumina 102 400 ragognize_test_1284__partial seconds 0.664
DONE lumina 103 400 ragognize_train_1396__complete seconds 0.56
DONE lumina 104 400 ragognize_train_1396__partial seconds 0.679
DONE lumina 105 400 ragognize_test_1332__complete seconds 0.416
DONE lumina 106 400 ragognize_test_1332__partial seconds 0.521
DONE lumina 107 400 ragognize_test_1452__complete seconds 0.492
DONE lumina 108 400 ragognize_test_1452__partial seconds 0.499
DONE lumina 109 400 ragognize_test_1554__complete seconds 0.559
DONE lumina 110 400 ragognize_test_1554__partial seconds 0.559
DONE lumina 111 400 ragognize_test_1645__complete seconds 0.528
DONE lumina 112 400 ragognize_test_1645__partial seconds 0.536
DONE lumina 113 400 ragognize_test_2039__complete seconds 0.55
DONE lumina 114 400 ragognize_test_2039__partial seconds 0.663
DONE lumina 115 400 ragognize_test_2095__complete seconds 0.524
DONE lumina 116 400 ragognize_test_2095__partial seconds 0.523
DONE lumina 117 400 ragognize_train_0177__complete seconds 0.543
DONE lumina 118 400 ragognize_train_0177__partial seconds 0.548
DONE lumina 119 400 ragognize_train_0382__complete seconds 0.692
DONE lumina 120 400 ragognize_train_0382__partial seconds 0.566
DONE lumina 121 400 ragognize_train_0406__complete seconds 0.509
DONE lumina 122 400 ragognize_train_0406__partial seconds 0.521
DONE lumina 123 400 ragognize_train_0414__complete seconds 0.55
DONE lumina 124 400 ragognize_train_0414__partial seconds 0.553
DONE lumina 125 400 ragognize_train_0420__complete seconds 0.505
DONE lumina 126 400 ragognize_train_0420__partial seconds 0.567
DONE lumina 127 400 ragognize_train_0473__complete seconds 0.568
DONE lumina 128 400 ragognize_train_0473__partial seconds 0.661
DONE lumina 129 400 ragognize_train_0683__complete seconds 0.546
DONE lumina 130 400 ragognize_train_0683__partial seconds 0.55
DONE lumina 131 400 ragognize_train_0940__complete seconds 0.508
DONE lumina 132 400 ragognize_train_0940__partial seconds 0.519
DONE lumina 133 400 ragognize_train_1158__complete seconds 0.687
DONE lumina 134 400 ragognize_train_1158__partial seconds 0.673
DONE lumina 135 400 ragognize_train_1379__complete seconds 0.661
DONE lumina 136 400 ragognize_train_1379__partial seconds 0.672
DONE lumina 137 400 ragognize_train_1520__complete seconds 0.63
DONE lumina 138 400 ragognize_train_1520__partial seconds 0.52
DONE lumina 139 400 ragognize_train_1532__complete seconds 0.616
DONE lumina 140 400 ragognize_train_1532__partial seconds 0.526
DONE lumina 141 400 ragognize_train_1586__complete seconds 0.519
DONE lumina 142 400 ragognize_train_1586__partial seconds 0.524
DONE lumina 143 400 ragognize_train_1747__complete seconds 0.52
DONE lumina 144 400 ragognize_train_1747__partial seconds 0.424
DONE lumina 145 400 ragognize_train_1766__complete seconds 0.518
DONE lumina 146 400 ragognize_train_1766__partial seconds 0.529
DONE lumina 147 400 ragognize_train_1782__complete seconds 0.526
DONE lumina 148 400 ragognize_train_1782__partial seconds 0.531
DONE lumina 149 400 ragognize_train_1861__complete seconds 0.662
DONE lumina 150 400 ragognize_train_1861__partial seconds 0.694
DONE lumina 151 400 ragognize_train_1953__complete seconds 0.529
DONE lumina 152 400 ragognize_train_1953__partial seconds 0.66
DONE lumina 153 400 ragognize_train_2125__complete seconds 0.666
DONE lumina 154 400 ragognize_train_2125__partial seconds 0.666
DONE lumina 155 400 ragognize_train_2141__complete seconds 0.645
DONE lumina 156 400 ragognize_train_2141__partial seconds 0.634
DONE lumina 157 400 ragognize_train_2179__complete seconds 0.651
DONE lumina 158 400 ragognize_train_2179__partial seconds 0.667
DONE lumina 159 400 ragognize_train_2295__complete seconds 0.589
DONE lumina 160 400 ragognize_train_2295__partial seconds 0.584
DONE lumina 161 400 ragognize_test_0387__complete seconds 0.516
DONE lumina 162 400 ragognize_test_0387__partial seconds 0.516
DONE lumina 163 400 ragognize_test_0452__complete seconds 0.373
DONE lumina 164 400 ragognize_test_0452__partial seconds 0.367
DONE lumina 165 400 ragognize_test_0645__complete seconds 0.516
DONE lumina 166 400 ragognize_test_0645__partial seconds 0.418
DONE lumina 167 400 ragognize_test_0648__complete seconds 0.407
DONE lumina 168 400 ragognize_test_0648__partial seconds 0.53
DONE lumina 169 400 ragognize_test_0681__complete seconds 0.66
DONE lumina 170 400 ragognize_test_0681__partial seconds 0.663
DONE lumina 171 400 ragognize_test_0889__complete seconds 0.388
DONE lumina 172 400 ragognize_test_0889__partial seconds 0.51
DONE lumina 173 400 ragognize_test_0959__complete seconds 0.392
DONE lumina 174 400 ragognize_test_0959__partial seconds 0.367
DONE lumina 175 400 ragognize_test_0964__complete seconds 0.426
DONE lumina 176 400 ragognize_test_0964__partial seconds 0.656
DONE lumina 177 400 ragognize_test_1018__complete seconds 0.519
DONE lumina 178 400 ragognize_test_1018__partial seconds 0.66
DONE lumina 179 400 ragognize_test_1117__complete seconds 0.526
DONE lumina 180 400 ragognize_test_1117__partial seconds 0.523
DONE lumina 181 400 ragognize_test_1241__complete seconds 0.521
DONE lumina 182 400 ragognize_test_1241__partial seconds 0.519
DONE lumina 183 400 ragognize_test_1420__complete seconds 0.513
DONE lumina 184 400 ragognize_test_1420__partial seconds 0.528
DONE lumina 185 400 ragognize_test_1463__complete seconds 0.403
DONE lumina 186 400 ragognize_test_1463__partial seconds 0.403
DONE lumina 187 400 ragognize_test_1548__complete seconds 0.522
DONE lumina 188 400 ragognize_test_1548__partial seconds 0.528
DONE lumina 189 400 ragognize_test_1740__complete seconds 0.402
DONE lumina 190 400 ragognize_test_1740__partial seconds 0.401
DONE lumina 191 400 ragognize_test_1866__complete seconds 0.532
DONE lumina 192 400 ragognize_test_1866__partial seconds 0.526
DONE lumina 193 400 ragognize_test_1974__complete seconds 0.419
DONE lumina 194 400 ragognize_test_1974__partial seconds 0.398
DONE lumina 195 400 ragognize_test_1979__complete seconds 0.487
DONE lumina 196 400 ragognize_test_1979__partial seconds 0.491
DONE lumina 197 400 ragognize_test_2096__complete seconds 0.519
DONE lumina 198 400 ragognize_test_2096__partial seconds 0.524
DONE lumina 199 400 ragognize_test_2206__complete seconds 0.384
DONE lumina 200 400 ragognize_test_2206__partial seconds 0.492
DONE lumina 201 400 ragognize_test_2293__complete seconds 0.5
DONE lumina 202 400 ragognize_test_2293__partial seconds 0.521
DONE lumina 203 400 ragognize_train_0088__complete seconds 0.52
DONE lumina 204 400 ragognize_train_0088__partial seconds 0.525
DONE lumina 205 400 ragognize_train_0095__complete seconds 0.391
DONE lumina 206 400 ragognize_train_0095__partial seconds 0.498
DONE lumina 207 400 ragognize_train_0445__complete seconds 0.539
DONE lumina 208 400 ragognize_train_0445__partial seconds 0.52
DONE lumina 209 400 ragognize_train_0584__complete seconds 0.392
DONE lumina 210 400 ragognize_train_0584__partial seconds 0.395
DONE lumina 211 400 ragognize_train_0613__complete seconds 0.417
DONE lumina 212 400 ragognize_train_0613__partial seconds 0.398
DONE lumina 213 400 ragognize_train_0845__complete seconds 0.416
DONE lumina 214 400 ragognize_train_0845__partial seconds 0.428
DONE lumina 215 400 ragognize_train_0855__complete seconds 0.387
DONE lumina 216 400 ragognize_train_0855__partial seconds 0.497
DONE lumina 217 400 ragognize_train_0913__complete seconds 0.41
DONE lumina 218 400 ragognize_train_0913__partial seconds 0.424
DONE lumina 219 400 ragognize_train_1145__complete seconds 0.528
DONE lumina 220 400 ragognize_train_1145__partial seconds 0.419
DONE lumina 221 400 ragognize_train_1159__complete seconds 0.417
DONE lumina 222 400 ragognize_train_1159__partial seconds 0.426
DONE lumina 223 400 ragognize_train_1168__complete seconds 0.517
DONE lumina 224 400 ragognize_train_1168__partial seconds 0.421
DONE lumina 225 400 ragognize_train_1279__complete seconds 0.523
DONE lumina 226 400 ragognize_train_1279__partial seconds 0.67
DONE lumina 227 400 ragognize_train_1511__complete seconds 0.523
DONE lumina 228 400 ragognize_train_1511__partial seconds 0.533
DONE lumina 229 400 ragognize_train_1686__complete seconds 0.394
DONE lumina 230 400 ragognize_train_1686__partial seconds 0.394
DONE lumina 231 400 ragognize_train_1892__complete seconds 0.53
DONE lumina 232 400 ragognize_train_1892__partial seconds 0.534
DONE lumina 233 400 ragognize_train_1996__complete seconds 0.556
DONE lumina 234 400 ragognize_train_1996__partial seconds 0.547
DONE lumina 235 400 ragognize_train_2214__complete seconds 0.53
DONE lumina 236 400 ragognize_train_2214__partial seconds 0.519
DONE lumina 237 400 ragognize_train_2266__complete seconds 0.522
DONE lumina 238 400 ragognize_train_2266__partial seconds 0.523
DONE lumina 239 400 ragognize_train_2328__complete seconds 0.555
DONE lumina 240 400 ragognize_train_2328__partial seconds 0.547
DONE lumina 241 400 ragognize_test_0690__complete seconds 0.393
DONE lumina 242 400 ragognize_test_0690__partial seconds 0.489
DONE lumina 243 400 ragognize_test_1012__complete seconds 0.502
DONE lumina 244 400 ragognize_test_1012__partial seconds 0.526
DONE lumina 245 400 ragognize_test_1021__complete seconds 0.512
DONE lumina 246 400 ragognize_test_1021__partial seconds 0.637
DONE lumina 247 400 ragognize_test_1668__complete seconds 0.416
DONE lumina 248 400 ragognize_test_1668__partial seconds 0.408
DONE lumina 249 400 ragognize_test_1722__complete seconds 0.531
DONE lumina 250 400 ragognize_test_1722__partial seconds 0.52
DONE lumina 251 400 ragognize_test_2227__complete seconds 0.526
DONE lumina 252 400 ragognize_test_2227__partial seconds 0.516
DONE lumina 253 400 ragognize_train_0001__complete seconds 0.523
DONE lumina 254 400 ragognize_train_0001__partial seconds 0.523
DONE lumina 255 400 ragognize_train_0061__complete seconds 0.518
DONE lumina 256 400 ragognize_train_0061__partial seconds 0.519
DONE lumina 257 400 ragognize_train_0151__complete seconds 0.492
DONE lumina 258 400 ragognize_train_0151__partial seconds 0.533
DONE lumina 259 400 ragognize_train_0189__complete seconds 0.533
DONE lumina 260 400 ragognize_train_0189__partial seconds 0.53
DONE lumina 261 400 ragognize_train_0230__complete seconds 0.498
DONE lumina 262 400 ragognize_train_0230__partial seconds 0.493
DONE lumina 263 400 ragognize_train_0235__complete seconds 0.647
DONE lumina 264 400 ragognize_train_0235__partial seconds 0.631
DONE lumina 265 400 ragognize_train_0380__complete seconds 0.52
DONE lumina 266 400 ragognize_train_0380__partial seconds 0.516
DONE lumina 267 400 ragognize_train_0399__complete seconds 0.655
DONE lumina 268 400 ragognize_train_0399__partial seconds 0.526
DONE lumina 269 400 ragognize_train_0403__complete seconds 0.533
DONE lumina 270 400 ragognize_train_0403__partial seconds 0.641
DONE lumina 271 400 ragognize_train_0466__complete seconds 0.529
DONE lumina 272 400 ragognize_train_0466__partial seconds 0.517
DONE lumina 273 400 ragognize_train_0514__complete seconds 0.531
DONE lumina 274 400 ragognize_train_0514__partial seconds 0.549
DONE lumina 275 400 ragognize_train_0615__complete seconds 0.703
DONE lumina 276 400 ragognize_train_0615__partial seconds 0.69
DONE lumina 277 400 ragognize_train_0642__complete seconds 0.526
DONE lumina 278 400 ragognize_train_0642__partial seconds 0.529
DONE lumina 279 400 ragognize_train_0646__complete seconds 0.521
DONE lumina 280 400 ragognize_train_0646__partial seconds 0.532
DONE lumina 281 400 ragognize_train_0653__complete seconds 0.517
DONE lumina 282 400 ragognize_train_0653__partial seconds 0.527
DONE lumina 283 400 ragognize_train_0949__complete seconds 0.499
DONE lumina 284 400 ragognize_train_0949__partial seconds 0.386
DONE lumina 285 400 ragognize_train_1068__complete seconds 0.514
DONE lumina 286 400 ragognize_train_1068__partial seconds 0.522
DONE lumina 287 400 ragognize_train_1147__complete seconds 0.52
DONE lumina 288 400 ragognize_train_1147__partial seconds 0.551
DONE lumina 289 400 ragognize_train_1155__complete seconds 0.522
DONE lumina 290 400 ragognize_train_1155__partial seconds 0.519
DONE lumina 291 400 ragognize_train_1160__complete seconds 0.518
DONE lumina 292 400 ragognize_train_1160__partial seconds 0.625
DONE lumina 293 400 ragognize_train_1219__complete seconds 0.416
DONE lumina 294 400 ragognize_train_1219__partial seconds 0.413
DONE lumina 295 400 ragognize_train_1333__complete seconds 0.534
DONE lumina 296 400 ragognize_train_1333__partial seconds 0.526
DONE lumina 297 400 ragognize_train_1336__complete seconds 0.528
DONE lumina 298 400 ragognize_train_1336__partial seconds 0.523
DONE lumina 299 400 ragognize_train_1401__complete seconds 0.499
DONE lumina 300 400 ragognize_train_1401__partial seconds 0.5
DONE lumina 301 400 ragognize_train_1478__complete seconds 0.394
DONE lumina 302 400 ragognize_train_1478__partial seconds 0.382
DONE lumina 303 400 ragognize_train_1505__complete seconds 0.509
DONE lumina 304 400 ragognize_train_1505__partial seconds 0.514
DONE lumina 305 400 ragognize_train_1542__complete seconds 0.516
DONE lumina 306 400 ragognize_train_1542__partial seconds 0.517
DONE lumina 307 400 ragognize_train_1657__complete seconds 0.509
DONE lumina 308 400 ragognize_train_1657__partial seconds 0.521
DONE lumina 309 400 ragognize_train_1661__complete seconds 0.528
DONE lumina 310 400 ragognize_train_1661__partial seconds 0.525
DONE lumina 311 400 ragognize_train_1664__complete seconds 0.524
DONE lumina 312 400 ragognize_train_1664__partial seconds 0.516
DONE lumina 313 400 ragognize_train_1773__complete seconds 0.398
DONE lumina 314 400 ragognize_train_1773__partial seconds 0.503
DONE lumina 315 400 ragognize_train_2028__complete seconds 0.446
DONE lumina 316 400 ragognize_train_2028__partial seconds 0.578
DONE lumina 317 400 ragognize_train_2062__complete seconds 0.502
DONE lumina 318 400 ragognize_train_2062__partial seconds 0.517
DONE lumina 319 400 ragognize_train_2331__complete seconds 0.522
DONE lumina 320 400 ragognize_train_2331__partial seconds 0.526
DONE lumina 321 400 ragognize_test_0059__complete seconds 0.626
DONE lumina 322 400 ragognize_test_0059__partial seconds 0.656
DONE lumina 323 400 ragognize_test_0172__complete seconds 0.538
DONE lumina 324 400 ragognize_test_0172__partial seconds 0.664
DONE lumina 325 400 ragognize_test_1644__complete seconds 0.522
DONE lumina 326 400 ragognize_test_1644__partial seconds 0.62
DONE lumina 327 400 ragognize_test_1723__complete seconds 0.535
DONE lumina 328 400 ragognize_test_1723__partial seconds 0.632
DONE lumina 329 400 ragognize_test_1817__complete seconds 0.526
DONE lumina 330 400 ragognize_test_1817__partial seconds 0.528
DONE lumina 331 400 ragognize_test_1887__complete seconds 0.515
DONE lumina 332 400 ragognize_test_1887__partial seconds 0.633
DONE lumina 333 400 ragognize_test_2231__complete seconds 0.52
DONE lumina 334 400 ragognize_test_2231__partial seconds 0.522
DONE lumina 335 400 ragognize_test_2340__complete seconds 0.529
DONE lumina 336 400 ragognize_test_2340__partial seconds 0.526
DONE lumina 337 400 ragognize_train_0043__complete seconds 0.536
DONE lumina 338 400 ragognize_train_0043__partial seconds 0.515
DONE lumina 339 400 ragognize_train_0169__complete seconds 0.519
DONE lumina 340 400 ragognize_train_0169__partial seconds 0.521
DONE lumina 341 400 ragognize_train_0253__complete seconds 0.494
DONE lumina 342 400 ragognize_train_0253__partial seconds 0.494
DONE lumina 343 400 ragognize_train_0265__complete seconds 0.543
DONE lumina 344 400 ragognize_train_0265__partial seconds 0.554
DONE lumina 345 400 ragognize_train_0284__complete seconds 0.522
DONE lumina 346 400 ragognize_train_0284__partial seconds 0.527
DONE lumina 347 400 ragognize_train_0354__complete seconds 0.514
DONE lumina 348 400 ragognize_train_0354__partial seconds 0.624
DONE lumina 349 400 ragognize_train_0366__complete seconds 0.522
DONE lumina 350 400 ragognize_train_0366__partial seconds 0.534
DONE lumina 351 400 ragognize_train_0368__complete seconds 0.586
DONE lumina 352 400 ragognize_train_0368__partial seconds 0.799
DONE lumina 353 400 ragognize_train_0498__complete seconds 0.479
DONE lumina 354 400 ragognize_train_0498__partial seconds 0.49
DONE lumina 355 400 ragognize_train_0719__complete seconds 0.625
DONE lumina 356 400 ragognize_train_0719__partial seconds 0.618
DONE lumina 357 400 ragognize_train_0891__complete seconds 0.531
DONE lumina 358 400 ragognize_train_0891__partial seconds 0.536
DONE lumina 359 400 ragognize_train_0928__complete seconds 0.52
DONE lumina 360 400 ragognize_train_0928__partial seconds 0.521
DONE lumina 361 400 ragognize_train_0951__complete seconds 0.53
DONE lumina 362 400 ragognize_train_0951__partial seconds 0.533
DONE lumina 363 400 ragognize_train_0974__complete seconds 0.546
DONE lumina 364 400 ragognize_train_0974__partial seconds 0.669
DONE lumina 365 400 ragognize_train_1035__complete seconds 0.53
DONE lumina 366 400 ragognize_train_1035__partial seconds 0.639
DONE lumina 367 400 ragognize_train_1042__complete seconds 0.521
DONE lumina 368 400 ragognize_train_1042__partial seconds 0.787
DONE lumina 369 400 ragognize_train_1205__complete seconds 0.499
DONE lumina 370 400 ragognize_train_1205__partial seconds 0.522
DONE lumina 371 400 ragognize_train_1359__complete seconds 0.68
DONE lumina 372 400 ragognize_train_1359__partial seconds 0.679
DONE lumina 373 400 ragognize_train_1415__complete seconds 0.629
DONE lumina 374 400 ragognize_train_1415__partial seconds 0.643
DONE lumina 375 400 ragognize_train_1472__complete seconds 0.521
DONE lumina 376 400 ragognize_train_1472__partial seconds 0.517
DONE lumina 377 400 ragognize_train_1543__complete seconds 0.68
DONE lumina 378 400 ragognize_train_1543__partial seconds 0.671
DONE lumina 379 400 ragognize_train_1711__complete seconds 0.525
DONE lumina 380 400 ragognize_train_1711__partial seconds 0.495
DONE lumina 381 400 ragognize_train_1777__complete seconds 0.532
DONE lumina 382 400 ragognize_train_1777__partial seconds 0.525
DONE lumina 383 400 ragognize_train_1821__complete seconds 0.523
DONE lumina 384 400 ragognize_train_1821__partial seconds 0.521
DONE lumina 385 400 ragognize_train_1869__complete seconds 0.531
DONE lumina 386 400 ragognize_train_1869__partial seconds 0.524
DONE lumina 387 400 ragognize_train_1871__complete seconds 0.516
DONE lumina 388 400 ragognize_train_1871__partial seconds 0.533
DONE lumina 389 400 ragognize_train_1879__complete seconds 0.672
DONE lumina 390 400 ragognize_train_1879__partial seconds 0.652
DONE lumina 391 400 ragognize_train_2144__complete seconds 0.548
DONE lumina 392 400 ragognize_train_2144__partial seconds 0.662
DONE lumina 393 400 ragognize_train_2167__complete seconds 0.535
DONE lumina 394 400 ragognize_train_2167__partial seconds 0.532
DONE lumina 395 400 ragognize_train_2232__complete seconds 0.54
DONE lumina 396 400 ragognize_train_2232__partial seconds 0.545
DONE lumina 397 400 ragognize_train_2268__complete seconds 0.566
DONE lumina 398 400 ragognize_train_2268__partial seconds 0.566
DONE lumina 399 400 ragognize_train_2314__complete seconds 0.644
DONE lumina 400 400 ragognize_train_2314__partial seconds 0.522
{
  "stages": [
    "generate",
    "core",
    "attention",
    "lumina"
  ],
  "selected_rows": 400,
  "area": "D:\\Projects\\Multi_Agent_Graph_Analysis\\prelab\\round9_evidence_binding\\data"
}
